compound_id,preferred_name,source_names,material_scope,chemical_family,identity_status,identity_note,pubchem_query,pubchem_candidate_cids,pubchem_query_url,pubchem_candidate_url,exact_pubchem_cid,exact_inchikey,exact_smiles,candidate_smiles,candidate_connectivity_smiles,candidate_inchikey,candidate_molecular_formula,candidate_molecular_weight,candidate_xlogp,candidate_tpsa,candidate_hbond_donors,candidate_hbond_acceptors,record_count,source_count,source_ids,source_plants,source_organs,record_ids,source_locators
C001,Dillapiol,"[""Dillapiole""]",natural_product_compound_concept,Phenylpropanoid,achiral_identity_resolved,Source chemical name/structure is consistent with PubChem connectivity; reagent purity and physical form are not established by this mapping.,Dillapiole,[10231],"https://pubchem.ncbi.nlm.nih.gov/rest/pug/compound/name/Dillapiole/property/MolecularFormula,MolecularWeight,InChIKey,SMILES,ConnectivitySMILES,IUPACName,Title,XLogP,TPSA,HBondDonorCount,HBondAcceptorCount/JSON",https://pubchem.ncbi.nlm.nih.gov/compound/10231,10231,LIKYNOPXHGPMIH-UHFFFAOYSA-N,COC1=C(C2=C(C=C1CC=C)OCO2)OC,COC1=C(C2=C(C=C1CC=C)OCO2)OC,COC1=C(C2=C(C=C1CC=C)OCO2)OC,LIKYNOPXHGPMIH-UHFFFAOYSA-N,C12H14O4,222.24,2.7,36.9,0,4,2,1,"[""salazar2020""]","[""Piper holtonii""]","[""Leaves""]","[""F003"", ""F004""]","[{""source_id"": ""salazar2020"", ""locator"": ""PDF 4–5 / printed 671–672; Figs 1–3 and results prose"", ""url"": ""https://doi.org/10.1007/s10886-020-01170-w"", ""pdf"": ""../sources/salazar2020.pdf""}]"
C002,Caryophyllene,"[""Caryophyllene""]",natural_product_compound_concept,Terpenoid / terpene derivative,stereochemistry_or_identity_review,"Name-based candidate only. Compare source stereochemistry, double-bond geometry and reagent specification before assigning an exact structure.",Caryophyllene,[5281515],"https://pubchem.ncbi.nlm.nih.gov/rest/pug/compound/name/Caryophyllene/property/MolecularFormula,MolecularWeight,InChIKey,SMILES,ConnectivitySMILES,IUPACName,Title,XLogP,TPSA,HBondDonorCount,HBondAcceptorCount/JSON",https://pubchem.ncbi.nlm.nih.gov/compound/5281515,,,,C/C/1=C\CCC(=C)[C@H]2CC([C@@H]2CC1)(C)C,CC1=CCCC(=C)C2CC(C2CC1)(C)C,NPNUFJAVOOONJE-GFUGXAQUSA-N,C15H24,204.35,4.4,0,0,0,2,1,"[""howard1988terpenoids""]","[""Hymenaea courbaril""]","[""Leaves; previously reported origin, assay-batch provenance unresolved""]","[""F006"", ""F007""]","[{""source_id"": ""howard1988terpenoids"", ""locator"": ""PDF 7 / printed 65; Table 1"", ""url"": ""https://doi.org/10.1007/BF01022531"", ""pdf"": ""../sources/howard1988terpenoids.pdf""}]"
C003,Caryophyllene oxide,"[""Caryophyllene epoxide""]",natural_product_compound_concept,Terpenoid / terpene derivative,stereochemistry_or_identity_review,"Name-based candidate only. Compare source stereochemistry, double-bond geometry and reagent specification before assigning an exact structure.",caryophyllene oxide,[1742210],"https://pubchem.ncbi.nlm.nih.gov/rest/pug/compound/name/caryophyllene%20oxide/property/MolecularFormula,MolecularWeight,InChIKey,SMILES,ConnectivitySMILES,IUPACName,Title,XLogP,TPSA,HBondDonorCount,HBondAcceptorCount/JSON",https://pubchem.ncbi.nlm.nih.gov/compound/1742210,,,,C[C@@]12CC[C@@H]3[C@H](CC3(C)C)C(=C)CC[C@H]1O2,CC1(CC2C1CCC3(C(O3)CCC2=C)C)C,NVEQFIOZRFFVFW-RGCMKSIDSA-N,C15H24O,220.35,3.6,12.5,0,1,5,2,"[""howard1988terpenoids"", ""hubbell1983""]","[""Hymenaea courbaril"", ""Hymenaea courbaril; Melampodium divaricatum; Vismea baccifera [as printed; Vismia linkage]""]","[""Leaves; previously reported origin, assay-batch provenance unresolved"", ""Mature leaves""]","[""F008"", ""F009"", ""F022"", ""F023"", ""F024""]","[{""source_id"": ""howard1988terpenoids"", ""locator"": ""PDF 7 / printed 65; Table 1"", ""url"": ""https://doi.org/10.1007/BF01022531"", ""pdf"": ""../sources/howard1988terpenoids.pdf""}, {""source_id"": ""hubbell1983"", ""locator"": ""PDF 5 / printed 325; Fungal bioassays"", ""url"": ""https://doi.org/10.1007/BF00376846"", ""pdf"": ""../sources/hubbell1983.pdf""}]"
C004,Kolavenol,"[""Kolavenol""]",natural_product_compound_concept,Terpenoid / terpene derivative,stereochemistry_or_identity_review,"Name-based candidate only. Compare source stereochemistry, double-bond geometry and reagent specification before assigning an exact structure.",Kolavenol,[6442554],"https://pubchem.ncbi.nlm.nih.gov/rest/pug/compound/name/Kolavenol/property/MolecularFormula,MolecularWeight,InChIKey,SMILES,ConnectivitySMILES,IUPACName,Title,XLogP,TPSA,HBondDonorCount,HBondAcceptorCount/JSON",https://pubchem.ncbi.nlm.nih.gov/compound/6442554,,,,C[C@@H]1CC[C@@]2([C@@H]([C@@]1(C)CC/C(=C/CO)/C)CCC=C2C)C,CC1CCC2(C(C1(C)CCC(=CCO)C)CCC=C2C)C,PQTMZYKTDFKGKV-UUMJGGROSA-N,C20H34O,290.5,6,20.2,1,1,2,1,"[""howard1988terpenoids""]","[""Melampodium divaricatum; Vismea baccifera [as printed; Vismia linkage]""]","[""Leaves; previously reported origin, assay-batch provenance unresolved""]","[""F010"", ""F011""]","[{""source_id"": ""howard1988terpenoids"", ""locator"": ""PDF 7 / printed 65; Table 1"", ""url"": ""https://doi.org/10.1007/BF01022531"", ""pdf"": ""../sources/howard1988terpenoids.pdf""}]"
C005,Nerolidol,"[""Nerolidol""]",natural_product_compound_concept,Terpenoid / terpene derivative,stereochemistry_or_identity_review,"Name-based candidate only. Compare source stereochemistry, double-bond geometry and reagent specification before assigning an exact structure.",Nerolidol,[5284507],"https://pubchem.ncbi.nlm.nih.gov/rest/pug/compound/name/Nerolidol/property/MolecularFormula,MolecularWeight,InChIKey,SMILES,ConnectivitySMILES,IUPACName,Title,XLogP,TPSA,HBondDonorCount,HBondAcceptorCount/JSON",https://pubchem.ncbi.nlm.nih.gov/compound/5284507,,,,CC(=CCC/C(=C/CCC(C)(C=C)O)/C)C,CC(=CCCC(=CCCC(C)(C=C)O)C)C,FQTLCLSUCSAZDY-SDNWHVSQSA-N,C15H26O,222.37,4.6,20.2,1,1,2,1,"[""howard1988terpenoids""]","[""Vismea baccifera [as printed; Vismia linkage]""]","[""Leaves; previously reported origin, assay-batch provenance unresolved""]","[""F012"", ""F013""]","[{""source_id"": ""howard1988terpenoids"", ""locator"": ""PDF 7 / printed 65; Table 1"", ""url"": ""https://doi.org/10.1007/BF01022531"", ""pdf"": ""../sources/howard1988terpenoids.pdf""}]"
C006,Sesamin,"[""Sesamin""]",natural_product_compound_concept,Lignan,stereochemistry_or_identity_review,"Name-based candidate only. Compare source stereochemistry, double-bond geometry and reagent specification before assigning an exact structure.",Sesamin,[72307],"https://pubchem.ncbi.nlm.nih.gov/rest/pug/compound/name/Sesamin/property/MolecularFormula,MolecularWeight,InChIKey,SMILES,ConnectivitySMILES,IUPACName,Title,XLogP,TPSA,HBondDonorCount,HBondAcceptorCount/JSON",https://pubchem.ncbi.nlm.nih.gov/compound/72307,,,,C1[C@H]2[C@H](CO[C@@H]2C3=CC4=C(C=C3)OCO4)[C@H](O1)C5=CC6=C(C=C5)OCO6,C1C2C(COC2C3=CC4=C(C=C3)OCO4)C(O1)C5=CC6=C(C=C5)OCO6,PEYUIKBAABKQKQ-AFHBHXEDSA-N,C20H18O6,354.4,2.7,55.4,0,6,1,1,"[""pagnocca1996""]","[""Virola sebifera""]","[""Leaves""]","[""F014""]","[{""source_id"": ""pagnocca1996"", ""locator"": ""PDF 4 / printed 1328; Table 1"", ""url"": ""https://doi.org/10.1007/BF02266969"", ""pdf"": ""../sources/pagnocca1996.pdf""}]"
C007,Eudesmin,"[""Eudesmin""]",natural_product_compound_concept,Lignan,stereochemistry_or_identity_review,"Name-based candidate only. Compare source stereochemistry, double-bond geometry and reagent specification before assigning an exact structure.",Eudesmin,[73117],"https://pubchem.ncbi.nlm.nih.gov/rest/pug/compound/name/Eudesmin/property/MolecularFormula,MolecularWeight,InChIKey,SMILES,ConnectivitySMILES,IUPACName,Title,XLogP,TPSA,HBondDonorCount,HBondAcceptorCount/JSON",https://pubchem.ncbi.nlm.nih.gov/compound/73117,,,,COC1=C(C=C(C=C1)[C@@H]2[C@H]3CO[C@@H]([C@H]3CO2)C4=CC(=C(C=C4)OC)OC)OC,COC1=C(C=C(C=C1)C2C3COC(C3CO2)C4=CC(=C(C=C4)OC)OC)OC,PEUUVVGQIVMSAW-RZTYQLBFSA-N,C22H26O6,386.4,2.9,55.4,0,6,1,1,"[""pagnocca1996""]","[""Virola sebifera""]","[""Leaves""]","[""F015""]","[{""source_id"": ""pagnocca1996"", ""locator"": ""PDF 4 / printed 1328; Table 1"", ""url"": ""https://doi.org/10.1007/BF02266969"", ""pdf"": ""../sources/pagnocca1996.pdf""}]"
C008,Episesamin,"[""Episesamin""]",natural_product_compound_concept,Lignan,ambiguous_name_lookup,"PubChem returned sesamin, asarinin and a stereounspecified record. None selected. Preserve the episesamin activity separately.",Episesamin,"[72307, 101612, 5204]","https://pubchem.ncbi.nlm.nih.gov/rest/pug/compound/name/Episesamin/property/MolecularFormula,MolecularWeight,InChIKey,SMILES,ConnectivitySMILES,IUPACName,Title,XLogP,TPSA,HBondDonorCount,HBondAcceptorCount/JSON",,,,,,,,,,,,,,1,1,"[""pagnocca1996""]","[""Virola sp.""]","[""Leaves""]","[""F016""]","[{""source_id"": ""pagnocca1996"", ""locator"": ""PDF 4 / printed 1328; Table 1"", ""url"": ""https://doi.org/10.1007/BF02266969"", ""pdf"": ""../sources/pagnocca1996.pdf""}]"
C009,Philygenol,"[""Philygenol""]",natural_product_compound_concept,Lignan,database_unresolved,Name query did not resolve; preserve source identity without guessing an analogue.,Philygenol,[],"https://pubchem.ncbi.nlm.nih.gov/rest/pug/compound/name/Philygenol/property/MolecularFormula,MolecularWeight,InChIKey,SMILES,ConnectivitySMILES,IUPACName,Title,XLogP,TPSA,HBondDonorCount,HBondAcceptorCount/JSON",,,,,,,,,,,,,,1,1,"[""pagnocca1996""]","[""Otoba parvifolia""]","[""Fruits""]","[""F017""]","[{""source_id"": ""pagnocca1996"", ""locator"": ""PDF 4 / printed 1328; Table 1"", ""url"": ""https://doi.org/10.1007/BF02266969"", ""pdf"": ""../sources/pagnocca1996.pdf""}]"
C010,Lignan 5,"[""Lignan 5""]",natural_product_compound_concept,Lignan,source_code_unresolved,Identity is source-local Figure 1 code; manual structure transcription and independent check required.,,[],,,,,,,,,,,,,,,1,1,"[""pagnocca1996""]","[""Virola sebifera""]","[""Leaves""]","[""F018""]","[{""source_id"": ""pagnocca1996"", ""locator"": ""PDF 4 / printed 1328; Table 1"", ""url"": ""https://doi.org/10.1007/BF02266969"", ""pdf"": ""../sources/pagnocca1996.pdf""}]"
C011,Lignan 6,"[""Lignan 6""]",natural_product_compound_concept,Lignan,source_code_unresolved,Identity is source-local Figure 1 code; manual structure transcription and independent check required.,,[],,,,,,,,,,,,,,,1,1,"[""pagnocca1996""]","[""Virola sebifera""]","[""Leaves""]","[""F019""]","[{""source_id"": ""pagnocca1996"", ""locator"": ""PDF 4 / printed 1328; Table 1"", ""url"": ""https://doi.org/10.1007/BF02266969"", ""pdf"": ""../sources/pagnocca1996.pdf""}]"
C012,Epigalgravin,"[""Epigalgravin""]",natural_product_compound_concept,Lignan,database_unresolved,Name query did not resolve; preserve source identity without guessing an analogue.,Epigalgravin,[],"https://pubchem.ncbi.nlm.nih.gov/rest/pug/compound/name/Epigalgravin/property/MolecularFormula,MolecularWeight,InChIKey,SMILES,ConnectivitySMILES,IUPACName,Title,XLogP,TPSA,HBondDonorCount,HBondAcceptorCount/JSON",,,,,,,,,,,,,,1,1,"[""pagnocca1996""]","[""Virola sp.""]","[""Leaves""]","[""F020""]","[{""source_id"": ""pagnocca1996"", ""locator"": ""PDF 4 / printed 1328; Table 1"", ""url"": ""https://doi.org/10.1007/BF02266969"", ""pdf"": ""../sources/pagnocca1996.pdf""}]"
C013,Lignan 8,"[""Lignan 8""]",natural_product_compound_concept,Lignan,source_code_unresolved,Identity is source-local Figure 1 code; manual structure transcription and independent check required.,,[],,,,,,,,,,,,,,,1,1,"[""pagnocca1996""]","[""Virola sp.""]","[""Leaves""]","[""F021""]","[{""source_id"": ""pagnocca1996"", ""locator"": ""PDF 4 / printed 1328; Table 1"", ""url"": ""https://doi.org/10.1007/BF02266969"", ""pdf"": ""../sources/pagnocca1996.pdf""}]"
C014,Ricinine,"[""Ricinine""]",natural_product_compound_concept,Pyridone alkaloid,achiral_identity_resolved,Source chemical name/structure is consistent with PubChem connectivity; reagent purity and physical form are not established by this mapping.,Ricinine,[10666],"https://pubchem.ncbi.nlm.nih.gov/rest/pug/compound/name/Ricinine/property/MolecularFormula,MolecularWeight,InChIKey,SMILES,ConnectivitySMILES,IUPACName,Title,XLogP,TPSA,HBondDonorCount,HBondAcceptorCount/JSON",https://pubchem.ncbi.nlm.nih.gov/compound/10666,10666,PETSAYFQSGAEQY-UHFFFAOYSA-N,CN1C=CC(=C(C1=O)C#N)OC,CN1C=CC(=C(C1=O)C#N)OC,CN1C=CC(=C(C1=O)C#N)OC,PETSAYFQSGAEQY-UHFFFAOYSA-N,C8H8N2O2,164.16,0,53.3,0,3,1,1,"[""bigi2004""]","[""Ricinus communis""]","[""Leaves; isolated from methanol fraction of DCM extract""]","[""F040""]","[{""source_id"": ""bigi2004"", ""locator"": ""PDF 3–4 / printed 935–936; Tables 1–3 and results prose"", ""url"": ""https://doi.org/10.1002/ps.892"", ""pdf"": ""../sources/bigi2004.pdf""}]"
C015,Squalene,"[""Squalene""]",natural_product_compound_concept,Terpenoid / terpene derivative,stereochemistry_or_identity_review,"Name-based candidate only. Compare source stereochemistry, double-bond geometry and reagent specification before assigning an exact structure.",Squalene,[638072],"https://pubchem.ncbi.nlm.nih.gov/rest/pug/compound/name/Squalene/property/MolecularFormula,MolecularWeight,InChIKey,SMILES,ConnectivitySMILES,IUPACName,Title,XLogP,TPSA,HBondDonorCount,HBondAcceptorCount/JSON",https://pubchem.ncbi.nlm.nih.gov/compound/638072,,,,CC(=CCC/C(=C/CC/C(=C/CC/C=C(/CC/C=C(/CCC=C(C)C)\C)\C)/C)/C)C,CC(=CCCC(=CCCC(=CCCC=C(C)CCC=C(C)CCC=C(C)C)C)C)C,YYGNTYWPHWGJRM-AAJYLUCBSA-N,C30H50,410.7,11.6,0,0,0,1,1,"[""lobo2020papaya""]","[""Carica papaya (quercetin reagent not isolated from this sample)""]","[""Leaves; commercial quercetin comparator where indicated""]","[""F073""]","[{""source_id"": ""lobo2020papaya"", ""locator"": ""PDF 5,8 / printed 205,208; sections3.1,3.3 and Fig 3"", ""url"": ""https://doi.org/10.1080/09670874.2019.1610812"", ""pdf"": ""../sources/lobo2020papaya.pdf""}]"
C016,Carpaine,"[""Carpaine""]",natural_product_compound_concept,Macrocyclic alkaloid,stereochemistry_or_identity_review,"Name-based candidate only. Compare source stereochemistry, double-bond geometry and reagent specification before assigning an exact structure.",Carpaine,[442630],"https://pubchem.ncbi.nlm.nih.gov/rest/pug/compound/name/Carpaine/property/MolecularFormula,MolecularWeight,InChIKey,SMILES,ConnectivitySMILES,IUPACName,Title,XLogP,TPSA,HBondDonorCount,HBondAcceptorCount/JSON",https://pubchem.ncbi.nlm.nih.gov/compound/442630,,,,C[C@H]1[C@@H]2CC[C@H](N1)CCCCCCCC(=O)O[C@H]3CC[C@@H](CCCCCCCC(=O)O2)N[C@H]3C,CC1C2CCC(N1)CCCCCCCC(=O)OC3CCC(CCCCCCCC(=O)O2)NC3C,AMSCMASJCYVAIF-QCVMBYIASA-N,C28H50N2O4,478.7,6.3,76.7,2,6,1,1,"[""lobo2020papaya""]","[""Carica papaya (quercetin reagent not isolated from this sample)""]","[""Leaves; commercial quercetin comparator where indicated""]","[""F074""]","[{""source_id"": ""lobo2020papaya"", ""locator"": ""PDF 5,8 / printed 205,208; sections3.1,3.3 and Fig 3"", ""url"": ""https://doi.org/10.1080/09670874.2019.1610812"", ""pdf"": ""../sources/lobo2020papaya.pdf""}]"
C017,Quercetin,"[""Quercetin (commercial aglycone)""]",natural_product_compound_concept,Flavonoid,achiral_identity_resolved,Source chemical name/structure is consistent with PubChem connectivity; reagent purity and physical form are not established by this mapping.,quercetin,[5280343],"https://pubchem.ncbi.nlm.nih.gov/rest/pug/compound/name/quercetin/property/MolecularFormula,MolecularWeight,InChIKey,SMILES,ConnectivitySMILES,IUPACName,Title,XLogP,TPSA,HBondDonorCount,HBondAcceptorCount/JSON",https://pubchem.ncbi.nlm.nih.gov/compound/5280343,5280343,REFJWTPEDVJJIY-UHFFFAOYSA-N,C1=CC(=C(C=C1C2=C(C(=O)C3=C(C=C(C=C3O2)O)O)O)O)O,C1=CC(=C(C=C1C2=C(C(=O)C3=C(C=C(C=C3O2)O)O)O)O)O,C1=CC(=C(C=C1C2=C(C(=O)C3=C(C=C(C=C3O2)O)O)O)O)O,REFJWTPEDVJJIY-UHFFFAOYSA-N,C15H10O7,302.23,1.5,127,5,7,1,1,"[""lobo2020papaya""]","[""Carica papaya (quercetin reagent not isolated from this sample)""]","[""Leaves; commercial quercetin comparator where indicated""]","[""F076""]","[{""source_id"": ""lobo2020papaya"", ""locator"": ""PDF 5,8 / printed 205,208; sections3.1,3.3 and Fig 3"", ""url"": ""https://doi.org/10.1080/09670874.2019.1610812"", ""pdf"": ""../sources/lobo2020papaya.pdf""}]"
C018,Germanicol,"[""Germanicol""]",natural_product_compound_concept,Steroid / triterpenoid,stereochemistry_or_identity_review,"Name-based candidate only. Compare source stereochemistry, double-bond geometry and reagent specification before assigning an exact structure.",Germanicol,[122857],"https://pubchem.ncbi.nlm.nih.gov/rest/pug/compound/name/Germanicol/property/MolecularFormula,MolecularWeight,InChIKey,SMILES,ConnectivitySMILES,IUPACName,Title,XLogP,TPSA,HBondDonorCount,HBondAcceptorCount/JSON",https://pubchem.ncbi.nlm.nih.gov/compound/122857,,,,C[C@@]12CC[C@@]3([C@@H](C1=CC(CC2)(C)C)CC[C@H]4[C@]3(CC[C@@H]5[C@@]4(CC[C@@H](C5(C)C)O)C)C)C,CC1(CCC2(CCC3(C(C2=C1)CCC4C3(CCC5C4(CCC(C5(C)C)O)C)C)C)C)C,QMUXVPRGNJLGRT-PNTWTTAKSA-N,C30H50O,426.7,9.4,20.2,1,1,1,1,"[""souza2005""]","[""Pilocarpus grandiflorus""]","[""Stems""]","[""F078""]","[{""source_id"": ""souza2005"", ""locator"": ""PDF 3 / printed 789; Table 3"", ""url"": ""https://doi.org/10.1515/znb-2005-0715"", ""pdf"": ""../sources/souza2005.pdf""}]"
C019,β-Amyrin,"[""β-Amyrin""]",natural_product_compound_concept,Steroid / triterpenoid,stereochemistry_or_identity_review,"Name-based candidate only. Compare source stereochemistry, double-bond geometry and reagent specification before assigning an exact structure.",beta-amyrin,[73145],"https://pubchem.ncbi.nlm.nih.gov/rest/pug/compound/name/beta-amyrin/property/MolecularFormula,MolecularWeight,InChIKey,SMILES,ConnectivitySMILES,IUPACName,Title,XLogP,TPSA,HBondDonorCount,HBondAcceptorCount/JSON",https://pubchem.ncbi.nlm.nih.gov/compound/73145,,,,C[C@@]12CC[C@@]3(C(=CC[C@H]4[C@]3(CC[C@@H]5[C@@]4(CC[C@@H](C5(C)C)O)C)C)[C@@H]1CC(CC2)(C)C)C,CC1(CCC2(CCC3(C(=CCC4C3(CCC5C4(CCC(C5(C)C)O)C)C)C2C1)C)C)C,JFSHUTJDVKUMTJ-QHPUVITPSA-N,C30H50O,426.7,9.2,20.2,1,1,1,1,"[""souza2005""]","[""Pilocarpus grandiflorus""]","[""Stems""]","[""F079""]","[{""source_id"": ""souza2005"", ""locator"": ""PDF 3 / printed 789; Table 3"", ""url"": ""https://doi.org/10.1515/znb-2005-0715"", ""pdf"": ""../sources/souza2005.pdf""}]"
C020,β-Sitosterol,"[""β-Sitosterol""]",natural_product_compound_concept,Steroid / triterpenoid,stereochemistry_or_identity_review,"Name-based candidate only. Compare source stereochemistry, double-bond geometry and reagent specification before assigning an exact structure.",beta-sitosterol,[222284],"https://pubchem.ncbi.nlm.nih.gov/rest/pug/compound/name/beta-sitosterol/property/MolecularFormula,MolecularWeight,InChIKey,SMILES,ConnectivitySMILES,IUPACName,Title,XLogP,TPSA,HBondDonorCount,HBondAcceptorCount/JSON",https://pubchem.ncbi.nlm.nih.gov/compound/222284,,,,CC[C@H](CC[C@@H](C)[C@H]1CC[C@@H]2[C@@]1(CC[C@H]3[C@H]2CC=C4[C@@]3(CC[C@@H](C4)O)C)C)C(C)C,CCC(CCC(C)C1CCC2C1(CCC3C2CC=C4C3(CCC(C4)O)C)C)C(C)C,KZJWDPNRJALLNS-VJSFXXLFSA-N,C29H50O,414.7,9.3,20.2,1,1,1,1,"[""souza2005""]","[""Pilocarpus grandiflorus""]","[""Stems""]","[""F080""]","[{""source_id"": ""souza2005"", ""locator"": ""PDF 3 / printed 789; Table 3"", ""url"": ""https://doi.org/10.1515/znb-2005-0715"", ""pdf"": ""../sources/souza2005.pdf""}]"
C021,Stigmast-4-en-3-one,"[""Stigmast-4-en-3-one""]",natural_product_compound_concept,Steroid / triterpenoid,stereochemistry_or_identity_review,"Name-based candidate only. Compare source stereochemistry, double-bond geometry and reagent specification before assigning an exact structure.",Stigmast-4-en-3-one,[5484202],"https://pubchem.ncbi.nlm.nih.gov/rest/pug/compound/name/Stigmast-4-en-3-one/property/MolecularFormula,MolecularWeight,InChIKey,SMILES,ConnectivitySMILES,IUPACName,Title,XLogP,TPSA,HBondDonorCount,HBondAcceptorCount/JSON",https://pubchem.ncbi.nlm.nih.gov/compound/5484202,,,,CC[C@H](CC[C@@H](C)[C@H]1CC[C@@H]2[C@@]1(CC[C@H]3[C@H]2CCC4=CC(=O)CC[C@]34C)C)C(C)C,CCC(CCC(C)C1CCC2C1(CCC3C2CCC4=CC(=O)CCC34C)C)C(C)C,RUVUHIUYGJBLGI-XJZKHKOHSA-N,C29H48O,412.7,9.3,17.1,0,1,1,1,"[""souza2005""]","[""Pilocarpus grandiflorus""]","[""Stems""]","[""F081""]","[{""source_id"": ""souza2005"", ""locator"": ""PDF 3 / printed 789; Table 3"", ""url"": ""https://doi.org/10.1515/znb-2005-0715"", ""pdf"": ""../sources/souza2005.pdf""}]"
C022,3β-Hydroxystigmast-5-en-7-one,"[""3β-Hydroxystigmast-5-en-7-one""]",natural_product_compound_concept,Steroid / triterpenoid,stereochemistry_or_identity_review,"Name-based candidate only. Compare source stereochemistry, double-bond geometry and reagent specification before assigning an exact structure.",7-ketositosterol,[160608],"https://pubchem.ncbi.nlm.nih.gov/rest/pug/compound/name/7-ketositosterol/property/MolecularFormula,MolecularWeight,InChIKey,SMILES,ConnectivitySMILES,IUPACName,Title,XLogP,TPSA,HBondDonorCount,HBondAcceptorCount/JSON",https://pubchem.ncbi.nlm.nih.gov/compound/160608,,,,CC[C@H](CC[C@@H](C)[C@H]1CC[C@@H]2[C@@]1(CC[C@H]3[C@H]2C(=O)C=C4[C@@]3(CC[C@@H](C4)O)C)C)C(C)C,CCC(CCC(C)C1CCC2C1(CCC3C2C(=O)C=C4C3(CCC(C4)O)C)C)C(C)C,ICFXJOAKQGDRCT-ZIHMWMKCSA-N,C29H48O2,428.7,8.3,37.3,1,2,1,1,"[""souza2005""]","[""Pilocarpus grandiflorus""]","[""Stems""]","[""F082""]","[{""source_id"": ""souza2005"", ""locator"": ""PDF 3 / printed 789; Table 3"", ""url"": ""https://doi.org/10.1515/znb-2005-0715"", ""pdf"": ""../sources/souza2005.pdf""}]"
C023,Syringaresinol,"[""Syringaresinol""]",natural_product_compound_concept,Lignan,stereochemistry_or_identity_review,"Name-based candidate only. Compare source stereochemistry, double-bond geometry and reagent specification before assigning an exact structure.",Syringaresinol,[100067],"https://pubchem.ncbi.nlm.nih.gov/rest/pug/compound/name/Syringaresinol/property/MolecularFormula,MolecularWeight,InChIKey,SMILES,ConnectivitySMILES,IUPACName,Title,XLogP,TPSA,HBondDonorCount,HBondAcceptorCount/JSON",https://pubchem.ncbi.nlm.nih.gov/compound/100067,,,,COC1=CC(=CC(=C1O)OC)C2C3COC(C3CO2)C4=CC(=C(C(=C4)OC)O)OC,COC1=CC(=CC(=C1O)OC)C2C3COC(C3CO2)C4=CC(=C(C(=C4)OC)O)OC,KOWMJRJXZMEZLD-UHFFFAOYSA-N,C22H26O8,418.4,2.2,95.8,2,8,1,1,"[""souza2005""]","[""Pilocarpus grandiflorus""]","[""Stems""]","[""F083""]","[{""source_id"": ""souza2005"", ""locator"": ""PDF 3 / printed 789; Table 3"", ""url"": ""https://doi.org/10.1515/znb-2005-0715"", ""pdf"": ""../sources/souza2005.pdf""}]"
C024,Syringaldehyde,"[""Syringaldehyde""]",natural_product_compound_concept,Phenolic aldehyde,achiral_identity_resolved,Source chemical name/structure is consistent with PubChem connectivity; reagent purity and physical form are not established by this mapping.,Syringaldehyde,[8655],"https://pubchem.ncbi.nlm.nih.gov/rest/pug/compound/name/Syringaldehyde/property/MolecularFormula,MolecularWeight,InChIKey,SMILES,ConnectivitySMILES,IUPACName,Title,XLogP,TPSA,HBondDonorCount,HBondAcceptorCount/JSON",https://pubchem.ncbi.nlm.nih.gov/compound/8655,8655,KCDXJAYRVLXPFO-UHFFFAOYSA-N,COC1=CC(=CC(=C1O)OC)C=O,COC1=CC(=CC(=C1O)OC)C=O,COC1=CC(=CC(=C1O)OC)C=O,KCDXJAYRVLXPFO-UHFFFAOYSA-N,C9H10O4,182.17,0,55.8,1,4,1,1,"[""souza2005""]","[""Pilocarpus grandiflorus""]","[""Stems""]","[""F084""]","[{""source_id"": ""souza2005"", ""locator"": ""PDF 3 / printed 789; Table 3"", ""url"": ""https://doi.org/10.1515/znb-2005-0715"", ""pdf"": ""../sources/souza2005.pdf""}]"
C025,Vanillic acid,"[""Vanillic acid""]",natural_product_compound_concept,Phenolic acid,achiral_identity_resolved,Source chemical name/structure is consistent with PubChem connectivity; reagent purity and physical form are not established by this mapping.,Vanillic acid,[8468],"https://pubchem.ncbi.nlm.nih.gov/rest/pug/compound/name/Vanillic%20acid/property/MolecularFormula,MolecularWeight,InChIKey,SMILES,ConnectivitySMILES,IUPACName,Title,XLogP,TPSA,HBondDonorCount,HBondAcceptorCount/JSON",https://pubchem.ncbi.nlm.nih.gov/compound/8468,8468,WKOLLVMJNQIZCI-UHFFFAOYSA-N,COC1=C(C=CC(=C1)C(=O)O)O,COC1=C(C=CC(=C1)C(=O)O)O,COC1=C(C=CC(=C1)C(=O)O)O,WKOLLVMJNQIZCI-UHFFFAOYSA-N,C8H8O4,168.15,1.4,66.8,2,4,1,1,"[""souza2005""]","[""Pilocarpus grandiflorus""]","[""Stems""]","[""F085""]","[{""source_id"": ""souza2005"", ""locator"": ""PDF 3 / printed 789; Table 3"", ""url"": ""https://doi.org/10.1515/znb-2005-0715"", ""pdf"": ""../sources/souza2005.pdf""}]"
C026,Dictamnine,"[""Dictamine [dictamnine]""]",natural_product_compound_concept,Quinoline alkaloid,achiral_identity_resolved,Source chemical name/structure is consistent with PubChem connectivity; reagent purity and physical form are not established by this mapping.,dictamnine,[68085],"https://pubchem.ncbi.nlm.nih.gov/rest/pug/compound/name/dictamnine/property/MolecularFormula,MolecularWeight,InChIKey,SMILES,ConnectivitySMILES,IUPACName,Title,XLogP,TPSA,HBondDonorCount,HBondAcceptorCount/JSON",https://pubchem.ncbi.nlm.nih.gov/compound/68085,68085,WIONIXOBNMDJFJ-UHFFFAOYSA-N,COC1=C2C=COC2=NC3=CC=CC=C31,COC1=C2C=COC2=NC3=CC=CC=C31,COC1=C2C=COC2=NC3=CC=CC=C31,WIONIXOBNMDJFJ-UHFFFAOYSA-N,C12H9NO2,199.20,2.7,35.3,0,3,1,1,"[""souza2005""]","[""Pilocarpus grandiflorus""]","[""Stems""]","[""F086""]","[{""source_id"": ""souza2005"", ""locator"": ""PDF 3 / printed 789; Table 3"", ""url"": ""https://doi.org/10.1515/znb-2005-0715"", ""pdf"": ""../sources/souza2005.pdf""}]"
C027,1-Methyl-4-methoxy-2-quinolone,"[""1-Methyl-4-methoxy-2-quinolone""]",natural_product_compound_concept,Quinoline alkaloid,achiral_identity_resolved,Source chemical name/structure is consistent with PubChem connectivity; reagent purity and physical form are not established by this mapping.,4-methoxy-1-methylquinolin-2-one,[182073],"https://pubchem.ncbi.nlm.nih.gov/rest/pug/compound/name/4-methoxy-1-methylquinolin-2-one/property/MolecularFormula,MolecularWeight,InChIKey,SMILES,ConnectivitySMILES,IUPACName,Title,XLogP,TPSA,HBondDonorCount,HBondAcceptorCount/JSON",https://pubchem.ncbi.nlm.nih.gov/compound/182073,182073,SPBLFONLHXBBQE-UHFFFAOYSA-N,CN1C2=CC=CC=C2C(=CC1=O)OC,CN1C2=CC=CC=C2C(=CC1=O)OC,CN1C2=CC=CC=C2C(=CC1=O)OC,SPBLFONLHXBBQE-UHFFFAOYSA-N,C11H11NO2,189.21,1.2,29.5,0,2,1,1,"[""souza2005""]","[""Pilocarpus grandiflorus""]","[""Stems""]","[""F087""]","[{""source_id"": ""souza2005"", ""locator"": ""PDF 3 / printed 789; Table 3"", ""url"": ""https://doi.org/10.1515/znb-2005-0715"", ""pdf"": ""../sources/souza2005.pdf""}]"
C028,Platydesmine,"[""Platydesmine""]",natural_product_compound_concept,Quinoline alkaloid,stereochemistry_or_identity_review,"Name-based candidate only. Compare source stereochemistry, double-bond geometry and reagent specification before assigning an exact structure.",Platydesmine,[6451457],"https://pubchem.ncbi.nlm.nih.gov/rest/pug/compound/name/Platydesmine/property/MolecularFormula,MolecularWeight,InChIKey,SMILES,ConnectivitySMILES,IUPACName,Title,XLogP,TPSA,HBondDonorCount,HBondAcceptorCount/JSON",https://pubchem.ncbi.nlm.nih.gov/compound/6451457,,,,CC(C)([C@H]1CC2=C(C3=CC=CC=C3N=C2O1)OC)O,CC(C)(C1CC2=C(C3=CC=CC=C3N=C2O1)OC)O,OYGWMFMSZPRSPD-GFCCVEGCSA-N,C15H17NO3,259.30,2.5,51.6,1,4,1,1,"[""souza2005""]","[""Pilocarpus grandiflorus""]","[""Stems""]","[""F088""]","[{""source_id"": ""souza2005"", ""locator"": ""PDF 3 / printed 789; Table 3"", ""url"": ""https://doi.org/10.1515/znb-2005-0715"", ""pdf"": ""../sources/souza2005.pdf""}]"
C029,Isopulegol,"[""Isopulegol (purchased)""]",natural_product_compound_concept,Terpenoid / terpene derivative,stereochemistry_or_identity_review,"Name-based candidate only. Compare source stereochemistry, double-bond geometry and reagent specification before assigning an exact structure.",isopulegol,[170833],"https://pubchem.ncbi.nlm.nih.gov/rest/pug/compound/name/isopulegol/property/MolecularFormula,MolecularWeight,InChIKey,SMILES,ConnectivitySMILES,IUPACName,Title,XLogP,TPSA,HBondDonorCount,HBondAcceptorCount/JSON",https://pubchem.ncbi.nlm.nih.gov/compound/170833,,,,C[C@@H]1CC[C@H]([C@@H](C1)O)C(=C)C,CC1CCC(C(C1)O)C(=C)C,ZYTMANIQRDEHIO-KXUCPTDWSA-N,C10H18O,154.25,3,20.2,1,1,2,1,"[""melo2020""]","[""Myrcia lundiana""]","[""Leaves for oils; purchased compound comparators""]","[""F090"", ""F100""]","[{""source_id"": ""melo2020"", ""locator"": ""PDF 5,8–9 / printed 17307,17310–17311; Figs 2–3"", ""url"": ""https://doi.org/10.1007/s11356-020-08170-z"", ""pdf"": ""../sources/melo2020.pdf""}]"
C030,Citral (isomer composition unspecified),"[""Citral (purchased)""]",isomer_unspecified_material,Terpenoid / terpene derivative,isomer_composition_unresolved,PubChem query resolves an E-isomer representation (CID 638011); paper gives no reagent isomer ratio. Candidate is not the identity of the entire tested material.,citral,[638011],"https://pubchem.ncbi.nlm.nih.gov/rest/pug/compound/name/citral/property/MolecularFormula,MolecularWeight,InChIKey,SMILES,ConnectivitySMILES,IUPACName,Title,XLogP,TPSA,HBondDonorCount,HBondAcceptorCount/JSON",https://pubchem.ncbi.nlm.nih.gov/compound/638011,,,,CC(=CCC/C(=C/C=O)/C)C,CC(=CCCC(=CC=O)C)C,WTEVQBCEXWBHNA-JXMROGBWSA-N,C10H16O,152.23,3,17.1,0,1,3,1,"[""melo2020""]","[""Myrcia lundiana""]","[""Leaves for oils; purchased compound comparators"", ""Purchased reagent comparator""]","[""F092"", ""F102"", ""F109""]","[{""source_id"": ""melo2020"", ""locator"": ""PDF 5,8–9 / printed 17307,17310–17311; Figs 2–3"", ""url"": ""https://doi.org/10.1007/s11356-020-08170-z"", ""pdf"": ""../sources/melo2020.pdf""}]"
C031,"1,8-Cineole","[""1,8-Cineol""]",natural_product_compound_concept,Terpenoid / terpene derivative,achiral_identity_resolved,Source chemical name/structure is consistent with PubChem connectivity; reagent purity and physical form are not established by this mapping.,eucalyptol,[2758],"https://pubchem.ncbi.nlm.nih.gov/rest/pug/compound/name/eucalyptol/property/MolecularFormula,MolecularWeight,InChIKey,SMILES,ConnectivitySMILES,IUPACName,Title,XLogP,TPSA,HBondDonorCount,HBondAcceptorCount/JSON",https://pubchem.ncbi.nlm.nih.gov/compound/2758,2758,WEEGYLXZBRQIMU-UHFFFAOYSA-N,CC1(C2CCC(O1)(CC2)C)C,CC1(C2CCC(O1)(CC2)C)C,CC1(C2CCC(O1)(CC2)C)C,WEEGYLXZBRQIMU-UHFFFAOYSA-N,C10H18O,154.25,2.5,9.2,0,1,2,1,"[""melo2020""]","[""Myrcia lundiana / Aristolochia trilobata study""]","[""Purchased reagent""]","[""F094"", ""F104""]","[{""source_id"": ""melo2020"", ""locator"": ""PDF 5,8–9 / printed 17307,17310–17311; Figs 2–3"", ""url"": ""https://doi.org/10.1007/s11356-020-08170-z"", ""pdf"": ""../sources/melo2020.pdf""}]"
C032,Sulcatyl acetate,"[""Sulcatyl acetate""]",natural_product_compound_concept,Terpenoid / terpene derivative,stereochemistry_or_identity_review,"Name-based candidate only. Compare source stereochemistry, double-bond geometry and reagent specification before assigning an exact structure.",6-methylhept-5-en-2-yl acetate,[87947],"https://pubchem.ncbi.nlm.nih.gov/rest/pug/compound/name/6-methylhept-5-en-2-yl%20acetate/property/MolecularFormula,MolecularWeight,InChIKey,SMILES,ConnectivitySMILES,IUPACName,Title,XLogP,TPSA,HBondDonorCount,HBondAcceptorCount/JSON",https://pubchem.ncbi.nlm.nih.gov/compound/87947,,,,CC(CCC=C(C)C)OC(=O)C,CC(CCC=C(C)C)OC(=O)C,ZAKWGQOSOHQPJA-UHFFFAOYSA-N,C10H18O2,170.25,2.9,26.3,0,2,2,1,"[""melo2020""]","[""Aristolochia trilobata study""]","[""Synthesized comparator""]","[""F095"", ""F105""]","[{""source_id"": ""melo2020"", ""locator"": ""PDF 5,8–9 / printed 17307,17310–17311; Figs 2–3"", ""url"": ""https://doi.org/10.1007/s11356-020-08170-z"", ""pdf"": ""../sources/melo2020.pdf""}]"
C033,Limonene,"[""Limonene""]",natural_product_compound_concept,Terpenoid / terpene derivative,stereochemistry_or_identity_review,"Name-based candidate only. Compare source stereochemistry, double-bond geometry and reagent specification before assigning an exact structure.",Limonene,[22311],"https://pubchem.ncbi.nlm.nih.gov/rest/pug/compound/name/Limonene/property/MolecularFormula,MolecularWeight,InChIKey,SMILES,ConnectivitySMILES,IUPACName,Title,XLogP,TPSA,HBondDonorCount,HBondAcceptorCount/JSON",https://pubchem.ncbi.nlm.nih.gov/compound/22311,,,,CC1=CCC(CC1)C(=C)C,CC1=CCC(CC1)C(=C)C,XMGQYMWWDOXHJM-UHFFFAOYSA-N,C10H16,136.23,3.4,0,0,0,2,1,"[""melo2020""]","[""Aristolochia trilobata study""]","[""Purchased reagent""]","[""F096"", ""F106""]","[{""source_id"": ""melo2020"", ""locator"": ""PDF 5,8–9 / printed 17307,17310–17311; Figs 2–3"", ""url"": ""https://doi.org/10.1007/s11356-020-08170-z"", ""pdf"": ""../sources/melo2020.pdf""}]"
C034,Linalool,"[""Linalool""]",natural_product_compound_concept,Terpenoid / terpene derivative,stereochemistry_or_identity_review,"Name-based candidate only. Compare source stereochemistry, double-bond geometry and reagent specification before assigning an exact structure.",Linalool,[6549],"https://pubchem.ncbi.nlm.nih.gov/rest/pug/compound/name/Linalool/property/MolecularFormula,MolecularWeight,InChIKey,SMILES,ConnectivitySMILES,IUPACName,Title,XLogP,TPSA,HBondDonorCount,HBondAcceptorCount/JSON",https://pubchem.ncbi.nlm.nih.gov/compound/6549,,,,CC(=CCCC(C)(C=C)O)C,CC(=CCCC(C)(C=C)O)C,CDOSHBSSFJOMGT-UHFFFAOYSA-N,C10H18O,154.25,2.7,20.2,1,1,2,1,"[""melo2020""]","[""Aristolochia trilobata study""]","[""Purchased reagent""]","[""F097"", ""F107""]","[{""source_id"": ""melo2020"", ""locator"": ""PDF 5,8–9 / printed 17307,17310–17311; Figs 2–3"", ""url"": ""https://doi.org/10.1007/s11356-020-08170-z"", ""pdf"": ""../sources/melo2020.pdf""}]"
C035,p-Cymene,"[""p-Cymene""]",natural_product_compound_concept,Terpenoid / terpene derivative,achiral_identity_resolved,Source chemical name/structure is consistent with PubChem connectivity; reagent purity and physical form are not established by this mapping.,p-Cymene,[7463],"https://pubchem.ncbi.nlm.nih.gov/rest/pug/compound/name/p-Cymene/property/MolecularFormula,MolecularWeight,InChIKey,SMILES,ConnectivitySMILES,IUPACName,Title,XLogP,TPSA,HBondDonorCount,HBondAcceptorCount/JSON",https://pubchem.ncbi.nlm.nih.gov/compound/7463,7463,HFPZCAJZSCWRBC-UHFFFAOYSA-N,CC1=CC=C(C=C1)C(C)C,CC1=CC=C(C=C1)C(C)C,CC1=CC=C(C=C1)C(C)C,HFPZCAJZSCWRBC-UHFFFAOYSA-N,C10H14,134.22,4.1,0,0,0,2,1,"[""melo2020""]","[""Aristolochia trilobata study""]","[""Purchased reagent""]","[""F098"", ""F108""]","[{""source_id"": ""melo2020"", ""locator"": ""PDF 5,8–9 / printed 17307,17310–17311; Figs 2–3"", ""url"": ""https://doi.org/10.1007/s11356-020-08170-z"", ""pdf"": ""../sources/melo2020.pdf""}]"
C036,Angelicin,"[""Angelicin""]",natural_product_compound_concept,Coumarin,achiral_identity_resolved,Source chemical name/structure is consistent with PubChem connectivity; reagent purity and physical form are not established by this mapping.,angelicin,[10658],"https://pubchem.ncbi.nlm.nih.gov/rest/pug/compound/name/angelicin/property/MolecularFormula,MolecularWeight,InChIKey,SMILES,ConnectivitySMILES,IUPACName,Title,XLogP,TPSA,HBondDonorCount,HBondAcceptorCount/JSON",https://pubchem.ncbi.nlm.nih.gov/compound/10658,10658,XDROKJSWHURZGO-UHFFFAOYSA-N,C1=CC2=C(C=CO2)C3=C1C=CC(=O)O3,C1=CC2=C(C=CO2)C3=C1C=CC(=O)O3,C1=CC2=C(C=CO2)C3=C1C=CC(=O)O3,XDROKJSWHURZGO-UHFFFAOYSA-N,C11H6O3,186.16,2,39.4,0,3,1,1,"[""coumarins2005""]","[""Citrus limonia""]","[""Roots""]","[""M001""]","[{""source_id"": ""coumarins2005"", ""locator"": ""PDF 3 / printed 671; Table 1 and Figure 1"", ""url"": ""https://doi.org/10.1590/S0103-50532005000400031"", ""pdf"": ""../sources/coumarins2005.pdf""}]"
C037,Suberosin,"[""Suberosin""]",natural_product_compound_concept,Coumarin,achiral_identity_resolved,Source chemical name/structure is consistent with PubChem connectivity; reagent purity and physical form are not established by this mapping.,suberosin,[68486],"https://pubchem.ncbi.nlm.nih.gov/rest/pug/compound/name/suberosin/property/MolecularFormula,MolecularWeight,InChIKey,SMILES,ConnectivitySMILES,IUPACName,Title,XLogP,TPSA,HBondDonorCount,HBondAcceptorCount/JSON",https://pubchem.ncbi.nlm.nih.gov/compound/68486,68486,RSZDAYHEZSRVHS-UHFFFAOYSA-N,CC(=CCC1=C(C=C2C(=C1)C=CC(=O)O2)OC)C,CC(=CCC1=C(C=C2C(=C1)C=CC(=O)O2)OC)C,CC(=CCC1=C(C=C2C(=C1)C=CC(=O)O2)OC)C,RSZDAYHEZSRVHS-UHFFFAOYSA-N,C15H16O3,244.28,3.8,35.5,0,3,1,1,"[""coumarins2005""]","[""Citrus limonia""]","[""Roots""]","[""M002""]","[{""source_id"": ""coumarins2005"", ""locator"": ""PDF 3 / printed 671; Table 1 and Figure 1"", ""url"": ""https://doi.org/10.1590/S0103-50532005000400031"", ""pdf"": ""../sources/coumarins2005.pdf""}]"
C038,Xanthoxyletin,"[""Xanthoxyletin""]",natural_product_compound_concept,Coumarin,achiral_identity_resolved,Source chemical name/structure is consistent with PubChem connectivity; reagent purity and physical form are not established by this mapping.,xanthoxyletin,[66548],"https://pubchem.ncbi.nlm.nih.gov/rest/pug/compound/name/xanthoxyletin/property/MolecularFormula,MolecularWeight,InChIKey,SMILES,ConnectivitySMILES,IUPACName,Title,XLogP,TPSA,HBondDonorCount,HBondAcceptorCount/JSON",https://pubchem.ncbi.nlm.nih.gov/compound/66548,66548,JSJIIHRNDMLJGK-UHFFFAOYSA-N,CC1(C=CC2=C(O1)C=C3C(=C2OC)C=CC(=O)O3)C,CC1(C=CC2=C(O1)C=C3C(=C2OC)C=CC(=O)O3)C,CC1(C=CC2=C(O1)C=C3C(=C2OC)C=CC(=O)O3)C,JSJIIHRNDMLJGK-UHFFFAOYSA-N,C15H14O4,258.27,2.8,44.8,0,4,1,1,"[""coumarins2005""]","[""Citrus limonia""]","[""Roots""]","[""M003""]","[{""source_id"": ""coumarins2005"", ""locator"": ""PDF 3 / printed 671; Table 1 and Figure 1"", ""url"": ""https://doi.org/10.1590/S0103-50532005000400031"", ""pdf"": ""../sources/coumarins2005.pdf""}]"
C039,Clausarin,"[""Clausarin""]",natural_product_compound_concept,Coumarin,achiral_identity_resolved,Source chemical name/structure is consistent with PubChem connectivity; reagent purity and physical form are not established by this mapping.,clausarin,[5315945],"https://pubchem.ncbi.nlm.nih.gov/rest/pug/compound/name/clausarin/property/MolecularFormula,MolecularWeight,InChIKey,SMILES,ConnectivitySMILES,IUPACName,Title,XLogP,TPSA,HBondDonorCount,HBondAcceptorCount/JSON",https://pubchem.ncbi.nlm.nih.gov/compound/5315945,5315945,LMEKIDFKWUPZGE-UHFFFAOYSA-N,CC1(C=CC2=C(O1)C(=C3C(=C2O)C=C(C(=O)O3)C(C)(C)C=C)C(C)(C)C=C)C,CC1(C=CC2=C(O1)C(=C3C(=C2O)C=C(C(=O)O3)C(C)(C)C=C)C(C)(C)C=C)C,CC1(C=CC2=C(O1)C(=C3C(=C2O)C=C(C(=O)O3)C(C)(C)C=C)C(C)(C)C=C)C,LMEKIDFKWUPZGE-UHFFFAOYSA-N,C24H28O4,380.5,6.4,55.8,1,4,1,1,"[""coumarins2005""]","[""Citrus limonia""]","[""Roots""]","[""M004""]","[{""source_id"": ""coumarins2005"", ""locator"": ""PDF 3 / printed 671; Table 1 and Figure 1"", ""url"": ""https://doi.org/10.1590/S0103-50532005000400031"", ""pdf"": ""../sources/coumarins2005.pdf""}]"
C040,Isopimpinellin,"[""Isopimpinellin""]",natural_product_compound_concept,Coumarin,achiral_identity_resolved,Source chemical name/structure is consistent with PubChem connectivity; reagent purity and physical form are not established by this mapping.,isopimpinellin,[68079],"https://pubchem.ncbi.nlm.nih.gov/rest/pug/compound/name/isopimpinellin/property/MolecularFormula,MolecularWeight,InChIKey,SMILES,ConnectivitySMILES,IUPACName,Title,XLogP,TPSA,HBondDonorCount,HBondAcceptorCount/JSON",https://pubchem.ncbi.nlm.nih.gov/compound/68079,68079,DFMAXQKDIGCMTL-UHFFFAOYSA-N,COC1=C2C=COC2=C(C3=C1C=CC(=O)O3)OC,COC1=C2C=COC2=C(C3=C1C=CC(=O)O3)OC,COC1=C2C=COC2=C(C3=C1C=CC(=O)O3)OC,DFMAXQKDIGCMTL-UHFFFAOYSA-N,C13H10O5,246.21,1.9,57.9,0,5,1,1,"[""coumarins2005""]","[""Adiscanthus fusciflorus""]","[""Roots""]","[""M005""]","[{""source_id"": ""coumarins2005"", ""locator"": ""PDF 3 / printed 671; Table 1 and Figure 1"", ""url"": ""https://doi.org/10.1590/S0103-50532005000400031"", ""pdf"": ""../sources/coumarins2005.pdf""}]"
C041,Umbelliferone,"[""Umbelliferone""]",natural_product_compound_concept,Coumarin,achiral_identity_resolved,Source chemical name/structure is consistent with PubChem connectivity; reagent purity and physical form are not established by this mapping.,umbelliferone,[5281426],"https://pubchem.ncbi.nlm.nih.gov/rest/pug/compound/name/umbelliferone/property/MolecularFormula,MolecularWeight,InChIKey,SMILES,ConnectivitySMILES,IUPACName,Title,XLogP,TPSA,HBondDonorCount,HBondAcceptorCount/JSON",https://pubchem.ncbi.nlm.nih.gov/compound/5281426,5281426,ORHBXUUXSCNDEV-UHFFFAOYSA-N,C1=CC(=CC2=C1C=CC(=O)O2)O,C1=CC(=CC2=C1C=CC(=O)O2)O,C1=CC(=CC2=C1C=CC(=O)O2)O,ORHBXUUXSCNDEV-UHFFFAOYSA-N,C9H6O3,162.14,1.6,46.5,1,3,1,1,"[""coumarins2005""]","[""Picramnia teapensis""]","[""Bark""]","[""M006""]","[{""source_id"": ""coumarins2005"", ""locator"": ""PDF 3 / printed 671; Table 1 and Figure 1"", ""url"": ""https://doi.org/10.1590/S0103-50532005000400031"", ""pdf"": ""../sources/coumarins2005.pdf""}]"
C042,Xanthyletin,"[""Xanthyletin""]",natural_product_compound_concept,Coumarin,achiral_identity_resolved,Source chemical name/structure is consistent with PubChem connectivity; reagent purity and physical form are not established by this mapping.,xanthyletin,[65188],"https://pubchem.ncbi.nlm.nih.gov/rest/pug/compound/name/xanthyletin/property/MolecularFormula,MolecularWeight,InChIKey,SMILES,ConnectivitySMILES,IUPACName,Title,XLogP,TPSA,HBondDonorCount,HBondAcceptorCount/JSON",https://pubchem.ncbi.nlm.nih.gov/compound/65188,65188,QOTBQNVNUBKJMS-UHFFFAOYSA-N,CC1(C=CC2=C(O1)C=C3C(=C2)C=CC(=O)O3)C,CC1(C=CC2=C(O1)C=C3C(=C2)C=CC(=O)O3)C,CC1(C=CC2=C(O1)C=C3C(=C2)C=CC(=O)O3)C,QOTBQNVNUBKJMS-UHFFFAOYSA-N,C14H12O3,228.24,2.8,35.5,0,3,1,1,"[""coumarins2005""]","[""Pilocarpus riedelianus""]","[""Stems""]","[""M007""]","[{""source_id"": ""coumarins2005"", ""locator"": ""PDF 3 / printed 671; Table 1 and Figure 1"", ""url"": ""https://doi.org/10.1590/S0103-50532005000400031"", ""pdf"": ""../sources/coumarins2005.pdf""}]"
C043,"7-Hydroxy-3-(1,1-dimethylallyl)-8-methoxycoumarin","[""7-Hydroxy-3-(1,1-dimethylallyl)-8-methoxycoumarin""]",natural_product_compound_concept,Coumarin,database_unresolved,Name query did not resolve; preserve source identity without guessing an analogue.,"7-hydroxy-3-(1,1-dimethylallyl)-8-methoxycoumarin",[],"https://pubchem.ncbi.nlm.nih.gov/rest/pug/compound/name/7-hydroxy-3-%281%2C1-dimethylallyl%29-8-methoxycoumarin/property/MolecularFormula,MolecularWeight,InChIKey,SMILES,ConnectivitySMILES,IUPACName,Title,XLogP,TPSA,HBondDonorCount,HBondAcceptorCount/JSON",,,,,,,,,,,,,,1,1,"[""coumarins2005""]","[""Pilocarpus riedelianus""]","[""Stems""]","[""M008""]","[{""source_id"": ""coumarins2005"", ""locator"": ""PDF 3 / printed 671; Table 1 and Figure 1"", ""url"": ""https://doi.org/10.1590/S0103-50532005000400031"", ""pdf"": ""../sources/coumarins2005.pdf""}]"
C044,Piperonyl butoxide,"[""Piperonyl butoxide""]",reference_compound,Synthetic benzodioxole reference,achiral_identity_resolved,Source chemical name/structure is consistent with PubChem connectivity; reagent purity and physical form are not established by this mapping.,piperonyl butoxide,[5794],"https://pubchem.ncbi.nlm.nih.gov/rest/pug/compound/name/piperonyl%20butoxide/property/MolecularFormula,MolecularWeight,InChIKey,SMILES,ConnectivitySMILES,IUPACName,Title,XLogP,TPSA,HBondDonorCount,HBondAcceptorCount/JSON",https://pubchem.ncbi.nlm.nih.gov/compound/5794,5794,FIPWRIJSWJWJAI-UHFFFAOYSA-N,CCCCOCCOCCOCC1=CC2=C(C=C1CCC)OCO2,CCCCOCCOCCOCC1=CC2=C(C=C1CCC)OCO2,CCCCOCCOCCOCC1=CC2=C(C=C1CCC)OCO2,FIPWRIJSWJWJAI-UHFFFAOYSA-N,C19H30O5,338.4,3.7,46.2,0,5,1,1,"[""coumarins2005""]","[""Not applicable""]","[""Commercial reference""]","[""M009""]","[{""source_id"": ""coumarins2005"", ""locator"": ""PDF 3 / printed 671; Table 1 and Figure 1"", ""url"": ""https://doi.org/10.1590/S0103-50532005000400031"", ""pdf"": ""../sources/coumarins2005.pdf""}]"
C045,Skimmianine,"[""Skimmianine""]",natural_product_compound_concept,Quinoline alkaloid,achiral_identity_resolved,Source chemical name/structure is consistent with PubChem connectivity; reagent purity and physical form are not established by this mapping.,skimmianine,[6760],"https://pubchem.ncbi.nlm.nih.gov/rest/pug/compound/name/skimmianine/property/MolecularFormula,MolecularWeight,InChIKey,SMILES,ConnectivitySMILES,IUPACName,Title,XLogP,TPSA,HBondDonorCount,HBondAcceptorCount/JSON",https://pubchem.ncbi.nlm.nih.gov/compound/6760,6760,SLSIBLKBHNKZTB-UHFFFAOYSA-N,COC1=C(C2=C(C=C1)C(=C3C=COC3=N2)OC)OC,COC1=C(C2=C(C=C1)C(=C3C=COC3=N2)OC)OC,COC1=C(C2=C(C=C1)C(=C3C=COC3=N2)OC)OC,SLSIBLKBHNKZTB-UHFFFAOYSA-N,C14H13NO4,259.26,2.8,53.7,0,5,2,1,"[""raulinoa2002""]","[""Raulinoa echinata""]","[""Stems; also detected in leaves""]","[""M010"", ""M011""]","[{""source_id"": ""raulinoa2002"", ""locator"": ""PDF 3 / printed 68; Table 1"", ""url"": ""https://doi.org/10.1590/S0103-50532002000100010"", ""pdf"": ""../sources/raulinoa2002.pdf""}]"
C046,Kokusaginine,"[""Kokusaginine""]",natural_product_compound_concept,Quinoline alkaloid,achiral_identity_resolved,Source chemical name/structure is consistent with PubChem connectivity; reagent purity and physical form are not established by this mapping.,kokusaginine,[10227],"https://pubchem.ncbi.nlm.nih.gov/rest/pug/compound/name/kokusaginine/property/MolecularFormula,MolecularWeight,InChIKey,SMILES,ConnectivitySMILES,IUPACName,Title,XLogP,TPSA,HBondDonorCount,HBondAcceptorCount/JSON",https://pubchem.ncbi.nlm.nih.gov/compound/10227,10227,JBRXRVFXQIKPEA-UHFFFAOYSA-N,COC1=C(C=C2C(=C1)C(=C3C=COC3=N2)OC)OC,COC1=C(C=C2C(=C1)C(=C3C=COC3=N2)OC)OC,COC1=C(C=C2C(=C1)C(=C3C=COC3=N2)OC)OC,JBRXRVFXQIKPEA-UHFFFAOYSA-N,C14H13NO4,259.26,2.6,53.7,0,5,2,1,"[""raulinoa2002""]","[""Raulinoa echinata""]","[""Stems; also detected in leaves""]","[""M012"", ""M013""]","[{""source_id"": ""raulinoa2002"", ""locator"": ""PDF 3 / printed 68; Table 1"", ""url"": ""https://doi.org/10.1590/S0103-50532002000100010"", ""pdf"": ""../sources/raulinoa2002.pdf""}]"
C047,Maculine,"[""Maculine""]",natural_product_compound_concept,Quinoline alkaloid,achiral_identity_resolved,Source chemical name/structure is consistent with PubChem connectivity; reagent purity and physical form are not established by this mapping.,maculine,[68232],"https://pubchem.ncbi.nlm.nih.gov/rest/pug/compound/name/maculine/property/MolecularFormula,MolecularWeight,InChIKey,SMILES,ConnectivitySMILES,IUPACName,Title,XLogP,TPSA,HBondDonorCount,HBondAcceptorCount/JSON",https://pubchem.ncbi.nlm.nih.gov/compound/68232,68232,VPNYHHBCMOYPCJ-UHFFFAOYSA-N,COC1=C2C=COC2=NC3=CC4=C(C=C31)OCO4,COC1=C2C=COC2=NC3=CC4=C(C=C31)OCO4,COC1=C2C=COC2=NC3=CC4=C(C=C31)OCO4,VPNYHHBCMOYPCJ-UHFFFAOYSA-N,C13H9NO4,243.21,2.5,53.7,0,5,2,1,"[""raulinoa2002""]","[""Raulinoa echinata""]","[""Stems; also detected in leaves""]","[""M014"", ""M015""]","[{""source_id"": ""raulinoa2002"", ""locator"": ""PDF 3 / printed 68; Table 1"", ""url"": ""https://doi.org/10.1590/S0103-50532002000100010"", ""pdf"": ""../sources/raulinoa2002.pdf""}]"
C048,Flindersiamine,"[""Flindersiamine""]",natural_product_compound_concept,Quinoline alkaloid,achiral_identity_resolved,Source chemical name/structure is consistent with PubChem connectivity; reagent purity and physical form are not established by this mapping.,flindersiamine,[68221],"https://pubchem.ncbi.nlm.nih.gov/rest/pug/compound/name/flindersiamine/property/MolecularFormula,MolecularWeight,InChIKey,SMILES,ConnectivitySMILES,IUPACName,Title,XLogP,TPSA,HBondDonorCount,HBondAcceptorCount/JSON",https://pubchem.ncbi.nlm.nih.gov/compound/68221,68221,IMJCEVWDXKCHOI-UHFFFAOYSA-N,COC1=C2C=COC2=NC3=C(C4=C(C=C31)OCO4)OC,COC1=C2C=COC2=NC3=C(C4=C(C=C31)OCO4)OC,COC1=C2C=COC2=NC3=C(C4=C(C=C31)OCO4)OC,IMJCEVWDXKCHOI-UHFFFAOYSA-N,C14H11NO5,273.24,2.7,63,0,6,1,1,"[""raulinoa2002""]","[""Raulinoa echinata""]","[""Stems""]","[""M016""]","[{""source_id"": ""raulinoa2002"", ""locator"": ""PDF 3 / printed 68; Table 1"", ""url"": ""https://doi.org/10.1590/S0103-50532002000100010"", ""pdf"": ""../sources/raulinoa2002.pdf""}]"
C049,2-n-Nonyl-4-quinolone,"[""2-n-Nonyl-4-quinolone""]",natural_product_compound_concept,Quinoline alkaloid,achiral_identity_resolved,Source chemical name/structure is consistent with PubChem connectivity; reagent purity and physical form are not established by this mapping.,2-n-nonyl-4-quinolone,[9856730],"https://pubchem.ncbi.nlm.nih.gov/rest/pug/compound/name/2-n-nonyl-4-quinolone/property/MolecularFormula,MolecularWeight,InChIKey,SMILES,ConnectivitySMILES,IUPACName,Title,XLogP,TPSA,HBondDonorCount,HBondAcceptorCount/JSON",https://pubchem.ncbi.nlm.nih.gov/compound/9856730,9856730,KKRXDNYRUZGPFM-UHFFFAOYSA-N,CCCCCCCCCC1=CC(=O)C2=CC=CC=C2N1,CCCCCCCCCC1=CC(=O)C2=CC=CC=C2N1,CCCCCCCCCC1=CC(=O)C2=CC=CC=C2N1,KKRXDNYRUZGPFM-UHFFFAOYSA-N,C18H25NO,271.4,6,29.1,1,2,2,1,"[""raulinoa2002""]","[""Raulinoa echinata""]","[""Leaves""]","[""M017"", ""M018""]","[{""source_id"": ""raulinoa2002"", ""locator"": ""PDF 3 / printed 68; Table 1"", ""url"": ""https://doi.org/10.1590/S0103-50532002000100010"", ""pdf"": ""../sources/raulinoa2002.pdf""}]"
C050,Argentilactone,"[""Argentilactone""]",natural_product_compound_concept,Unsaturated lactone,stereochemistry_or_identity_review,"Name-based candidate only. Compare source stereochemistry, double-bond geometry and reagent specification before assigning an exact structure.",argentilactone,[5463411],"https://pubchem.ncbi.nlm.nih.gov/rest/pug/compound/name/argentilactone/property/MolecularFormula,MolecularWeight,InChIKey,SMILES,ConnectivitySMILES,IUPACName,Title,XLogP,TPSA,HBondDonorCount,HBondAcceptorCount/JSON",https://pubchem.ncbi.nlm.nih.gov/compound/5463411,,,,CCCCC/C=C\C1CC=CC(=O)O1,CCCCCC=CC1CC=CC(=O)O1,DSPGZXFLJQTNDA-VURMDHGXSA-N,C12H18O2,194.27,3.6,26.3,0,2,1,1,"[""napal2015""]","[""Aristolochia argentina""]","[""Aerial parts""]","[""M019""]","[{""source_id"": ""napal2015"", ""locator"": ""PDF 4 / printed 278; Table 2 and Figure 1"", ""url"": ""https://doi.org/10.1016/j.indcrop.2015.07.001"", ""pdf"": ""../sources/napal2015.pdf""}]"
C051,Carbendazim,"[""Carbendazim""]",reference_compound,Synthetic benzimidazole reference,achiral_identity_resolved,Source chemical name/structure is consistent with PubChem connectivity; reagent purity and physical form are not established by this mapping.,carbendazim,[25429],"https://pubchem.ncbi.nlm.nih.gov/rest/pug/compound/name/carbendazim/property/MolecularFormula,MolecularWeight,InChIKey,SMILES,ConnectivitySMILES,IUPACName,Title,XLogP,TPSA,HBondDonorCount,HBondAcceptorCount/JSON",https://pubchem.ncbi.nlm.nih.gov/compound/25429,25429,TWFZGCMQGLPBSX-UHFFFAOYSA-N,COC(=O)NC1=NC2=CC=CC=C2N1,COC(=O)NC1=NC2=CC=CC=C2N1,COC(=O)NC1=NC2=CC=CC=C2N1,TWFZGCMQGLPBSX-UHFFFAOYSA-N,C9H9N3O2,191.19,1.5,67,2,3,1,1,"[""napal2015""]","[""Not applicable""]","[""Commercial reference""]","[""M020""]","[{""source_id"": ""napal2015"", ""locator"": ""PDF 4 / printed 278; Table 2 and Figure 1"", ""url"": ""https://doi.org/10.1016/j.indcrop.2015.07.001"", ""pdf"": ""../sources/napal2015.pdf""}]"
