response_group,compound_id,preferred_name,source_id,material_type,identity_status,route,endpoint_family,observation_time,record_count,distinct_doses,original_observations,source_locator,source_url,local_pdf,dose_basis,margin_percentage_points,threshold_percent,lower_exclusive_ug_ml,upper_inclusive_ug_ml,interval_status,scenario_interval,supporting_below_records,supporting_above_records,threshold_indeterminate_records,monotonicity_conflicts
howard1988terpenoids|C002|agar_contact|ordinal_growth|Table 1 endpoint is day 7; growth was also followed through day 28.,C002,Caryophyllene,howard1988terpenoids,pure_compound,stereochemistry_or_identity_review,agar_contact,ordinal_growth,Table 1 endpoint is day 7; growth was also followed through day 28.,2,2,"[{""record_id"": ""F006"", ""dose_ug_ml"": 140.0, ""reported_inhibition"": 50}, {""record_id"": ""F007"", ""dose_ug_ml"": 14.0, ""reported_inhibition"": 25}]",PDF 7 / printed 65; Table 1,https://doi.org/10.1007/BF01022531,../../sources/howard1988terpenoids.pdf,Reported mass/volume dose; preserve source-specific preparation and protocol.,0,50,14.0,140.0,two_sided,14 < C50 ≤ 140,"[""F007""]","[""F006""]",[],[]
howard1988terpenoids|C002|agar_contact|ordinal_growth|Table 1 endpoint is day 7; growth was also followed through day 28.,C002,Caryophyllene,howard1988terpenoids,pure_compound,stereochemistry_or_identity_review,agar_contact,ordinal_growth,Table 1 endpoint is day 7; growth was also followed through day 28.,2,2,"[{""record_id"": ""F006"", ""dose_ug_ml"": 140.0, ""reported_inhibition"": 50}, {""record_id"": ""F007"", ""dose_ug_ml"": 14.0, ""reported_inhibition"": 25}]",PDF 7 / printed 65; Table 1,https://doi.org/10.1007/BF01022531,../../sources/howard1988terpenoids.pdf,Reported mass/volume dose; preserve source-specific preparation and protocol.,10,50,14.0,,lower_only,"C50 > 14, or never reaches 50%","[""F007""]",[],"[""F006""]",[]
howard1988terpenoids|C002|agar_contact|ordinal_growth|Table 1 endpoint is day 7; growth was also followed through day 28.,C002,Caryophyllene,howard1988terpenoids,pure_compound,stereochemistry_or_identity_review,agar_contact,ordinal_growth,Table 1 endpoint is day 7; growth was also followed through day 28.,2,2,"[{""record_id"": ""F006"", ""dose_ug_ml"": 140.0, ""reported_inhibition"": 50}, {""record_id"": ""F007"", ""dose_ug_ml"": 14.0, ""reported_inhibition"": 25}]",PDF 7 / printed 65; Table 1,https://doi.org/10.1007/BF01022531,../../sources/howard1988terpenoids.pdf,Reported mass/volume dose; preserve source-specific preparation and protocol.,20,50,14.0,,lower_only,"C50 > 14, or never reaches 50%","[""F007""]",[],"[""F006""]",[]
howard1988terpenoids|C003|agar_contact|ordinal_growth|Table 1 endpoint is day 7; growth was also followed through day 28.,C003,Caryophyllene oxide,howard1988terpenoids,pure_compound,stereochemistry_or_identity_review,agar_contact,ordinal_growth,Table 1 endpoint is day 7; growth was also followed through day 28.,2,2,"[{""record_id"": ""F008"", ""dose_ug_ml"": 100.0, ""reported_inhibition"": 100}, {""record_id"": ""F009"", ""dose_ug_ml"": 10.0, ""reported_inhibition"": 25}]",PDF 7 / printed 65; Table 1,https://doi.org/10.1007/BF01022531,../../sources/howard1988terpenoids.pdf,Reported mass/volume dose; preserve source-specific preparation and protocol.,0,50,10.0,100.0,two_sided,10 < C50 ≤ 100,"[""F009""]","[""F008""]",[],[]
howard1988terpenoids|C003|agar_contact|ordinal_growth|Table 1 endpoint is day 7; growth was also followed through day 28.,C003,Caryophyllene oxide,howard1988terpenoids,pure_compound,stereochemistry_or_identity_review,agar_contact,ordinal_growth,Table 1 endpoint is day 7; growth was also followed through day 28.,2,2,"[{""record_id"": ""F008"", ""dose_ug_ml"": 100.0, ""reported_inhibition"": 100}, {""record_id"": ""F009"", ""dose_ug_ml"": 10.0, ""reported_inhibition"": 25}]",PDF 7 / printed 65; Table 1,https://doi.org/10.1007/BF01022531,../../sources/howard1988terpenoids.pdf,Reported mass/volume dose; preserve source-specific preparation and protocol.,10,50,10.0,100.0,two_sided,10 < C50 ≤ 100,"[""F009""]","[""F008""]",[],[]
howard1988terpenoids|C003|agar_contact|ordinal_growth|Table 1 endpoint is day 7; growth was also followed through day 28.,C003,Caryophyllene oxide,howard1988terpenoids,pure_compound,stereochemistry_or_identity_review,agar_contact,ordinal_growth,Table 1 endpoint is day 7; growth was also followed through day 28.,2,2,"[{""record_id"": ""F008"", ""dose_ug_ml"": 100.0, ""reported_inhibition"": 100}, {""record_id"": ""F009"", ""dose_ug_ml"": 10.0, ""reported_inhibition"": 25}]",PDF 7 / printed 65; Table 1,https://doi.org/10.1007/BF01022531,../../sources/howard1988terpenoids.pdf,Reported mass/volume dose; preserve source-specific preparation and protocol.,20,50,10.0,100.0,two_sided,10 < C50 ≤ 100,"[""F009""]","[""F008""]",[],[]
howard1988terpenoids|C004|agar_contact|ordinal_growth|Table 1 endpoint is day 7; growth was also followed through day 28.,C004,Kolavenol,howard1988terpenoids,pure_compound,stereochemistry_or_identity_review,agar_contact,ordinal_growth,Table 1 endpoint is day 7; growth was also followed through day 28.,2,2,"[{""record_id"": ""F010"", ""dose_ug_ml"": 110.0, ""reported_inhibition"": 0}, {""record_id"": ""F011"", ""dose_ug_ml"": 11.0, ""reported_inhibition"": 0}]",PDF 7 / printed 65; Table 1,https://doi.org/10.1007/BF01022531,../../sources/howard1988terpenoids.pdf,Reported mass/volume dose; preserve source-specific preparation and protocol.,0,50,110.0,,lower_only,"C50 > 110, or never reaches 50%","[""F010"", ""F011""]",[],[],[]
howard1988terpenoids|C004|agar_contact|ordinal_growth|Table 1 endpoint is day 7; growth was also followed through day 28.,C004,Kolavenol,howard1988terpenoids,pure_compound,stereochemistry_or_identity_review,agar_contact,ordinal_growth,Table 1 endpoint is day 7; growth was also followed through day 28.,2,2,"[{""record_id"": ""F010"", ""dose_ug_ml"": 110.0, ""reported_inhibition"": 0}, {""record_id"": ""F011"", ""dose_ug_ml"": 11.0, ""reported_inhibition"": 0}]",PDF 7 / printed 65; Table 1,https://doi.org/10.1007/BF01022531,../../sources/howard1988terpenoids.pdf,Reported mass/volume dose; preserve source-specific preparation and protocol.,10,50,110.0,,lower_only,"C50 > 110, or never reaches 50%","[""F010"", ""F011""]",[],[],[]
howard1988terpenoids|C004|agar_contact|ordinal_growth|Table 1 endpoint is day 7; growth was also followed through day 28.,C004,Kolavenol,howard1988terpenoids,pure_compound,stereochemistry_or_identity_review,agar_contact,ordinal_growth,Table 1 endpoint is day 7; growth was also followed through day 28.,2,2,"[{""record_id"": ""F010"", ""dose_ug_ml"": 110.0, ""reported_inhibition"": 0}, {""record_id"": ""F011"", ""dose_ug_ml"": 11.0, ""reported_inhibition"": 0}]",PDF 7 / printed 65; Table 1,https://doi.org/10.1007/BF01022531,../../sources/howard1988terpenoids.pdf,Reported mass/volume dose; preserve source-specific preparation and protocol.,20,50,110.0,,lower_only,"C50 > 110, or never reaches 50%","[""F010"", ""F011""]",[],[],[]
howard1988terpenoids|C005|agar_contact|ordinal_growth|Table 1 endpoint is day 7; growth was also followed through day 28.,C005,Nerolidol,howard1988terpenoids,pure_compound,stereochemistry_or_identity_review,agar_contact,ordinal_growth,Table 1 endpoint is day 7; growth was also followed through day 28.,2,2,"[{""record_id"": ""F012"", ""dose_ug_ml"": 140.0, ""reported_inhibition"": 100}, {""record_id"": ""F013"", ""dose_ug_ml"": 14.0, ""reported_inhibition"": 50}]",PDF 7 / printed 65; Table 1,https://doi.org/10.1007/BF01022531,../../sources/howard1988terpenoids.pdf,Reported mass/volume dose; preserve source-specific preparation and protocol.,0,50,,14.0,upper_only,0 < C50 ≤ 14,[],"[""F012"", ""F013""]",[],[]
howard1988terpenoids|C005|agar_contact|ordinal_growth|Table 1 endpoint is day 7; growth was also followed through day 28.,C005,Nerolidol,howard1988terpenoids,pure_compound,stereochemistry_or_identity_review,agar_contact,ordinal_growth,Table 1 endpoint is day 7; growth was also followed through day 28.,2,2,"[{""record_id"": ""F012"", ""dose_ug_ml"": 140.0, ""reported_inhibition"": 100}, {""record_id"": ""F013"", ""dose_ug_ml"": 14.0, ""reported_inhibition"": 50}]",PDF 7 / printed 65; Table 1,https://doi.org/10.1007/BF01022531,../../sources/howard1988terpenoids.pdf,Reported mass/volume dose; preserve source-specific preparation and protocol.,10,50,,140.0,upper_only,0 < C50 ≤ 140,[],"[""F012""]","[""F013""]",[]
howard1988terpenoids|C005|agar_contact|ordinal_growth|Table 1 endpoint is day 7; growth was also followed through day 28.,C005,Nerolidol,howard1988terpenoids,pure_compound,stereochemistry_or_identity_review,agar_contact,ordinal_growth,Table 1 endpoint is day 7; growth was also followed through day 28.,2,2,"[{""record_id"": ""F012"", ""dose_ug_ml"": 140.0, ""reported_inhibition"": 100}, {""record_id"": ""F013"", ""dose_ug_ml"": 14.0, ""reported_inhibition"": 50}]",PDF 7 / printed 65; Table 1,https://doi.org/10.1007/BF01022531,../../sources/howard1988terpenoids.pdf,Reported mass/volume dose; preserve source-specific preparation and protocol.,20,50,,140.0,upper_only,0 < C50 ≤ 140,[],"[""F012""]","[""F013""]",[]
pagnocca1996|C006|agar_contact|coarse_visual_growth|30–35 days at 25±1°C,C006,Sesamin,pagnocca1996,pure_compound,stereochemistry_or_identity_review,agar_contact,coarse_visual_growth,30–35 days at 25±1°C,1,1,"[{""record_id"": ""F014"", ""dose_ug_ml"": 70, ""reported_inhibition"": "">80""}]",PDF 4 / printed 1328; Table 1,https://doi.org/10.1007/BF02266969,../../sources/pagnocca1996.pdf,Reported mass/volume dose; preserve source-specific preparation and protocol.,0,50,,70.0,upper_only,0 < C50 ≤ 70,[],"[""F014""]",[],[]
pagnocca1996|C006|agar_contact|coarse_visual_growth|30–35 days at 25±1°C,C006,Sesamin,pagnocca1996,pure_compound,stereochemistry_or_identity_review,agar_contact,coarse_visual_growth,30–35 days at 25±1°C,1,1,"[{""record_id"": ""F014"", ""dose_ug_ml"": 70, ""reported_inhibition"": "">80""}]",PDF 4 / printed 1328; Table 1,https://doi.org/10.1007/BF02266969,../../sources/pagnocca1996.pdf,Reported mass/volume dose; preserve source-specific preparation and protocol.,10,50,,70.0,upper_only,0 < C50 ≤ 70,[],"[""F014""]",[],[]
pagnocca1996|C006|agar_contact|coarse_visual_growth|30–35 days at 25±1°C,C006,Sesamin,pagnocca1996,pure_compound,stereochemistry_or_identity_review,agar_contact,coarse_visual_growth,30–35 days at 25±1°C,1,1,"[{""record_id"": ""F014"", ""dose_ug_ml"": 70, ""reported_inhibition"": "">80""}]",PDF 4 / printed 1328; Table 1,https://doi.org/10.1007/BF02266969,../../sources/pagnocca1996.pdf,Reported mass/volume dose; preserve source-specific preparation and protocol.,20,50,,70.0,upper_only,0 < C50 ≤ 70,[],"[""F014""]",[],[]
pagnocca1996|C007|agar_contact|coarse_visual_growth|30–35 days at 25±1°C,C007,Eudesmin,pagnocca1996,pure_compound,stereochemistry_or_identity_review,agar_contact,coarse_visual_growth,30–35 days at 25±1°C,1,1,"[{""record_id"": ""F015"", ""dose_ug_ml"": 160, ""reported_inhibition"": 40}]",PDF 4 / printed 1328; Table 1,https://doi.org/10.1007/BF02266969,../../sources/pagnocca1996.pdf,Reported mass/volume dose; preserve source-specific preparation and protocol.,0,50,160.0,,lower_only,"C50 > 160, or never reaches 50%","[""F015""]",[],[],[]
pagnocca1996|C007|agar_contact|coarse_visual_growth|30–35 days at 25±1°C,C007,Eudesmin,pagnocca1996,pure_compound,stereochemistry_or_identity_review,agar_contact,coarse_visual_growth,30–35 days at 25±1°C,1,1,"[{""record_id"": ""F015"", ""dose_ug_ml"": 160, ""reported_inhibition"": 40}]",PDF 4 / printed 1328; Table 1,https://doi.org/10.1007/BF02266969,../../sources/pagnocca1996.pdf,Reported mass/volume dose; preserve source-specific preparation and protocol.,10,50,,,unconstrained,No threshold bound from these observations,[],[],"[""F015""]",[]
pagnocca1996|C007|agar_contact|coarse_visual_growth|30–35 days at 25±1°C,C007,Eudesmin,pagnocca1996,pure_compound,stereochemistry_or_identity_review,agar_contact,coarse_visual_growth,30–35 days at 25±1°C,1,1,"[{""record_id"": ""F015"", ""dose_ug_ml"": 160, ""reported_inhibition"": 40}]",PDF 4 / printed 1328; Table 1,https://doi.org/10.1007/BF02266969,../../sources/pagnocca1996.pdf,Reported mass/volume dose; preserve source-specific preparation and protocol.,20,50,,,unconstrained,No threshold bound from these observations,[],[],"[""F015""]",[]
pagnocca1996|C008|agar_contact|coarse_visual_growth|30–35 days at 25±1°C,C008,Episesamin,pagnocca1996,pure_compound,ambiguous_name_lookup,agar_contact,coarse_visual_growth,30–35 days at 25±1°C,1,1,"[{""record_id"": ""F016"", ""dose_ug_ml"": 200, ""reported_inhibition"": 0}]",PDF 4 / printed 1328; Table 1,https://doi.org/10.1007/BF02266969,../../sources/pagnocca1996.pdf,Reported mass/volume dose; preserve source-specific preparation and protocol.,0,50,200.0,,lower_only,"C50 > 200, or never reaches 50%","[""F016""]",[],[],[]
pagnocca1996|C008|agar_contact|coarse_visual_growth|30–35 days at 25±1°C,C008,Episesamin,pagnocca1996,pure_compound,ambiguous_name_lookup,agar_contact,coarse_visual_growth,30–35 days at 25±1°C,1,1,"[{""record_id"": ""F016"", ""dose_ug_ml"": 200, ""reported_inhibition"": 0}]",PDF 4 / printed 1328; Table 1,https://doi.org/10.1007/BF02266969,../../sources/pagnocca1996.pdf,Reported mass/volume dose; preserve source-specific preparation and protocol.,10,50,200.0,,lower_only,"C50 > 200, or never reaches 50%","[""F016""]",[],[],[]
pagnocca1996|C008|agar_contact|coarse_visual_growth|30–35 days at 25±1°C,C008,Episesamin,pagnocca1996,pure_compound,ambiguous_name_lookup,agar_contact,coarse_visual_growth,30–35 days at 25±1°C,1,1,"[{""record_id"": ""F016"", ""dose_ug_ml"": 200, ""reported_inhibition"": 0}]",PDF 4 / printed 1328; Table 1,https://doi.org/10.1007/BF02266969,../../sources/pagnocca1996.pdf,Reported mass/volume dose; preserve source-specific preparation and protocol.,20,50,200.0,,lower_only,"C50 > 200, or never reaches 50%","[""F016""]",[],[],[]
pagnocca1996|C009|agar_contact|coarse_visual_growth|30–35 days at 25±1°C,C009,Philygenol,pagnocca1996,pure_compound,database_unresolved,agar_contact,coarse_visual_growth,30–35 days at 25±1°C,1,1,"[{""record_id"": ""F017"", ""dose_ug_ml"": 200, ""reported_inhibition"": 20}]",PDF 4 / printed 1328; Table 1,https://doi.org/10.1007/BF02266969,../../sources/pagnocca1996.pdf,Reported mass/volume dose; preserve source-specific preparation and protocol.,0,50,200.0,,lower_only,"C50 > 200, or never reaches 50%","[""F017""]",[],[],[]
pagnocca1996|C009|agar_contact|coarse_visual_growth|30–35 days at 25±1°C,C009,Philygenol,pagnocca1996,pure_compound,database_unresolved,agar_contact,coarse_visual_growth,30–35 days at 25±1°C,1,1,"[{""record_id"": ""F017"", ""dose_ug_ml"": 200, ""reported_inhibition"": 20}]",PDF 4 / printed 1328; Table 1,https://doi.org/10.1007/BF02266969,../../sources/pagnocca1996.pdf,Reported mass/volume dose; preserve source-specific preparation and protocol.,10,50,200.0,,lower_only,"C50 > 200, or never reaches 50%","[""F017""]",[],[],[]
pagnocca1996|C009|agar_contact|coarse_visual_growth|30–35 days at 25±1°C,C009,Philygenol,pagnocca1996,pure_compound,database_unresolved,agar_contact,coarse_visual_growth,30–35 days at 25±1°C,1,1,"[{""record_id"": ""F017"", ""dose_ug_ml"": 200, ""reported_inhibition"": 20}]",PDF 4 / printed 1328; Table 1,https://doi.org/10.1007/BF02266969,../../sources/pagnocca1996.pdf,Reported mass/volume dose; preserve source-specific preparation and protocol.,20,50,200.0,,lower_only,"C50 > 200, or never reaches 50%","[""F017""]",[],[],[]
pagnocca1996|C010|agar_contact|coarse_visual_growth|30–35 days at 25±1°C,C010,Lignan 5,pagnocca1996,pure_compound,source_code_unresolved,agar_contact,coarse_visual_growth,30–35 days at 25±1°C,1,1,"[{""record_id"": ""F018"", ""dose_ug_ml"": 200, ""reported_inhibition"": 20}]",PDF 4 / printed 1328; Table 1,https://doi.org/10.1007/BF02266969,../../sources/pagnocca1996.pdf,Reported mass/volume dose; preserve source-specific preparation and protocol.,0,50,200.0,,lower_only,"C50 > 200, or never reaches 50%","[""F018""]",[],[],[]
pagnocca1996|C010|agar_contact|coarse_visual_growth|30–35 days at 25±1°C,C010,Lignan 5,pagnocca1996,pure_compound,source_code_unresolved,agar_contact,coarse_visual_growth,30–35 days at 25±1°C,1,1,"[{""record_id"": ""F018"", ""dose_ug_ml"": 200, ""reported_inhibition"": 20}]",PDF 4 / printed 1328; Table 1,https://doi.org/10.1007/BF02266969,../../sources/pagnocca1996.pdf,Reported mass/volume dose; preserve source-specific preparation and protocol.,10,50,200.0,,lower_only,"C50 > 200, or never reaches 50%","[""F018""]",[],[],[]
pagnocca1996|C010|agar_contact|coarse_visual_growth|30–35 days at 25±1°C,C010,Lignan 5,pagnocca1996,pure_compound,source_code_unresolved,agar_contact,coarse_visual_growth,30–35 days at 25±1°C,1,1,"[{""record_id"": ""F018"", ""dose_ug_ml"": 200, ""reported_inhibition"": 20}]",PDF 4 / printed 1328; Table 1,https://doi.org/10.1007/BF02266969,../../sources/pagnocca1996.pdf,Reported mass/volume dose; preserve source-specific preparation and protocol.,20,50,200.0,,lower_only,"C50 > 200, or never reaches 50%","[""F018""]",[],[],[]
pagnocca1996|C011|agar_contact|coarse_visual_growth|30–35 days at 25±1°C,C011,Lignan 6,pagnocca1996,pure_compound,source_code_unresolved,agar_contact,coarse_visual_growth,30–35 days at 25±1°C,1,1,"[{""record_id"": ""F019"", ""dose_ug_ml"": 210, ""reported_inhibition"": 60}]",PDF 4 / printed 1328; Table 1,https://doi.org/10.1007/BF02266969,../../sources/pagnocca1996.pdf,Reported mass/volume dose; preserve source-specific preparation and protocol.,0,50,,210.0,upper_only,0 < C50 ≤ 210,[],"[""F019""]",[],[]
pagnocca1996|C011|agar_contact|coarse_visual_growth|30–35 days at 25±1°C,C011,Lignan 6,pagnocca1996,pure_compound,source_code_unresolved,agar_contact,coarse_visual_growth,30–35 days at 25±1°C,1,1,"[{""record_id"": ""F019"", ""dose_ug_ml"": 210, ""reported_inhibition"": 60}]",PDF 4 / printed 1328; Table 1,https://doi.org/10.1007/BF02266969,../../sources/pagnocca1996.pdf,Reported mass/volume dose; preserve source-specific preparation and protocol.,10,50,,210.0,upper_only,0 < C50 ≤ 210,[],"[""F019""]",[],[]
pagnocca1996|C011|agar_contact|coarse_visual_growth|30–35 days at 25±1°C,C011,Lignan 6,pagnocca1996,pure_compound,source_code_unresolved,agar_contact,coarse_visual_growth,30–35 days at 25±1°C,1,1,"[{""record_id"": ""F019"", ""dose_ug_ml"": 210, ""reported_inhibition"": 60}]",PDF 4 / printed 1328; Table 1,https://doi.org/10.1007/BF02266969,../../sources/pagnocca1996.pdf,Reported mass/volume dose; preserve source-specific preparation and protocol.,20,50,,,unconstrained,No threshold bound from these observations,[],[],"[""F019""]",[]
pagnocca1996|C012|agar_contact|coarse_visual_growth|30–35 days at 25±1°C,C012,Epigalgravin,pagnocca1996,pure_compound,database_unresolved,agar_contact,coarse_visual_growth,30–35 days at 25±1°C,1,1,"[{""record_id"": ""F020"", ""dose_ug_ml"": 200, ""reported_inhibition"": "">80""}]",PDF 4 / printed 1328; Table 1,https://doi.org/10.1007/BF02266969,../../sources/pagnocca1996.pdf,Reported mass/volume dose; preserve source-specific preparation and protocol.,0,50,,200.0,upper_only,0 < C50 ≤ 200,[],"[""F020""]",[],[]
pagnocca1996|C012|agar_contact|coarse_visual_growth|30–35 days at 25±1°C,C012,Epigalgravin,pagnocca1996,pure_compound,database_unresolved,agar_contact,coarse_visual_growth,30–35 days at 25±1°C,1,1,"[{""record_id"": ""F020"", ""dose_ug_ml"": 200, ""reported_inhibition"": "">80""}]",PDF 4 / printed 1328; Table 1,https://doi.org/10.1007/BF02266969,../../sources/pagnocca1996.pdf,Reported mass/volume dose; preserve source-specific preparation and protocol.,10,50,,200.0,upper_only,0 < C50 ≤ 200,[],"[""F020""]",[],[]
pagnocca1996|C012|agar_contact|coarse_visual_growth|30–35 days at 25±1°C,C012,Epigalgravin,pagnocca1996,pure_compound,database_unresolved,agar_contact,coarse_visual_growth,30–35 days at 25±1°C,1,1,"[{""record_id"": ""F020"", ""dose_ug_ml"": 200, ""reported_inhibition"": "">80""}]",PDF 4 / printed 1328; Table 1,https://doi.org/10.1007/BF02266969,../../sources/pagnocca1996.pdf,Reported mass/volume dose; preserve source-specific preparation and protocol.,20,50,,200.0,upper_only,0 < C50 ≤ 200,[],"[""F020""]",[],[]
pagnocca1996|C013|agar_contact|coarse_visual_growth|30–35 days at 25±1°C,C013,Lignan 8,pagnocca1996,pure_compound,source_code_unresolved,agar_contact,coarse_visual_growth,30–35 days at 25±1°C,1,1,"[{""record_id"": ""F021"", ""dose_ug_ml"": 200, ""reported_inhibition"": 0}]",PDF 4 / printed 1328; Table 1,https://doi.org/10.1007/BF02266969,../../sources/pagnocca1996.pdf,Reported mass/volume dose; preserve source-specific preparation and protocol.,0,50,200.0,,lower_only,"C50 > 200, or never reaches 50%","[""F021""]",[],[],[]
pagnocca1996|C013|agar_contact|coarse_visual_growth|30–35 days at 25±1°C,C013,Lignan 8,pagnocca1996,pure_compound,source_code_unresolved,agar_contact,coarse_visual_growth,30–35 days at 25±1°C,1,1,"[{""record_id"": ""F021"", ""dose_ug_ml"": 200, ""reported_inhibition"": 0}]",PDF 4 / printed 1328; Table 1,https://doi.org/10.1007/BF02266969,../../sources/pagnocca1996.pdf,Reported mass/volume dose; preserve source-specific preparation and protocol.,10,50,200.0,,lower_only,"C50 > 200, or never reaches 50%","[""F021""]",[],[],[]
pagnocca1996|C013|agar_contact|coarse_visual_growth|30–35 days at 25±1°C,C013,Lignan 8,pagnocca1996,pure_compound,source_code_unresolved,agar_contact,coarse_visual_growth,30–35 days at 25±1°C,1,1,"[{""record_id"": ""F021"", ""dose_ug_ml"": 200, ""reported_inhibition"": 0}]",PDF 4 / printed 1328; Table 1,https://doi.org/10.1007/BF02266969,../../sources/pagnocca1996.pdf,Reported mass/volume dose; preserve source-specific preparation and protocol.,20,50,200.0,,lower_only,"C50 > 200, or never reaches 50%","[""F021""]",[],[],[]
lobo2020papaya|C015|Agar contact|radial_growth_inhibition|Five weeks,C015,Squalene,lobo2020papaya,pure_compound,stereochemistry_or_identity_review,Agar contact,radial_growth_inhibition,Five weeks,1,1,"[{""record_id"": ""F073"", ""dose_ug_ml"": 500.0, ""reported_inhibition"": 25.67}]","PDF 5,8 / printed 205,208; sections3.1,3.3 and Fig 3",https://doi.org/10.1080/09670874.2019.1610812,../../sources/lobo2020papaya.pdf,Compound mass per medium volume; mixture total-versus-component basis unresolved,0,50,500.0,,lower_only,"C50 > 500, or never reaches 50%","[""F073""]",[],[],[]
lobo2020papaya|C015|Agar contact|radial_growth_inhibition|Five weeks,C015,Squalene,lobo2020papaya,pure_compound,stereochemistry_or_identity_review,Agar contact,radial_growth_inhibition,Five weeks,1,1,"[{""record_id"": ""F073"", ""dose_ug_ml"": 500.0, ""reported_inhibition"": 25.67}]","PDF 5,8 / printed 205,208; sections3.1,3.3 and Fig 3",https://doi.org/10.1080/09670874.2019.1610812,../../sources/lobo2020papaya.pdf,Compound mass per medium volume; mixture total-versus-component basis unresolved,10,50,500.0,,lower_only,"C50 > 500, or never reaches 50%","[""F073""]",[],[],[]
lobo2020papaya|C015|Agar contact|radial_growth_inhibition|Five weeks,C015,Squalene,lobo2020papaya,pure_compound,stereochemistry_or_identity_review,Agar contact,radial_growth_inhibition,Five weeks,1,1,"[{""record_id"": ""F073"", ""dose_ug_ml"": 500.0, ""reported_inhibition"": 25.67}]","PDF 5,8 / printed 205,208; sections3.1,3.3 and Fig 3",https://doi.org/10.1080/09670874.2019.1610812,../../sources/lobo2020papaya.pdf,Compound mass per medium volume; mixture total-versus-component basis unresolved,20,50,500.0,,lower_only,"C50 > 500, or never reaches 50%","[""F073""]",[],[],[]
lobo2020papaya|C016|Agar contact|radial_growth_inhibition|Five weeks,C016,Carpaine,lobo2020papaya,pure_compound,stereochemistry_or_identity_review,Agar contact,radial_growth_inhibition,Five weeks,1,1,"[{""record_id"": ""F074"", ""dose_ug_ml"": 500.0, ""reported_inhibition"": 27.67}]","PDF 5,8 / printed 205,208; sections3.1,3.3 and Fig 3",https://doi.org/10.1080/09670874.2019.1610812,../../sources/lobo2020papaya.pdf,Compound mass per medium volume; mixture total-versus-component basis unresolved,0,50,500.0,,lower_only,"C50 > 500, or never reaches 50%","[""F074""]",[],[],[]
lobo2020papaya|C016|Agar contact|radial_growth_inhibition|Five weeks,C016,Carpaine,lobo2020papaya,pure_compound,stereochemistry_or_identity_review,Agar contact,radial_growth_inhibition,Five weeks,1,1,"[{""record_id"": ""F074"", ""dose_ug_ml"": 500.0, ""reported_inhibition"": 27.67}]","PDF 5,8 / printed 205,208; sections3.1,3.3 and Fig 3",https://doi.org/10.1080/09670874.2019.1610812,../../sources/lobo2020papaya.pdf,Compound mass per medium volume; mixture total-versus-component basis unresolved,10,50,500.0,,lower_only,"C50 > 500, or never reaches 50%","[""F074""]",[],[],[]
lobo2020papaya|C016|Agar contact|radial_growth_inhibition|Five weeks,C016,Carpaine,lobo2020papaya,pure_compound,stereochemistry_or_identity_review,Agar contact,radial_growth_inhibition,Five weeks,1,1,"[{""record_id"": ""F074"", ""dose_ug_ml"": 500.0, ""reported_inhibition"": 27.67}]","PDF 5,8 / printed 205,208; sections3.1,3.3 and Fig 3",https://doi.org/10.1080/09670874.2019.1610812,../../sources/lobo2020papaya.pdf,Compound mass per medium volume; mixture total-versus-component basis unresolved,20,50,500.0,,lower_only,"C50 > 500, or never reaches 50%","[""F074""]",[],[],[]
"souza2005|C018|agar_contact|coarse_visual_growth|Not restated; cited1990 protocol reads30–35 days, not independently confirmed for this run.",C018,Germanicol,souza2005,pure_compound,stereochemistry_or_identity_review,agar_contact,coarse_visual_growth,"Not restated; cited1990 protocol reads30–35 days, not independently confirmed for this run.",1,1,"[{""record_id"": ""F078"", ""dose_ug_ml"": 100, ""reported_inhibition"": 0}]",PDF 3 / printed 789; Table 3,https://doi.org/10.1515/znb-2005-0715,../../sources/souza2005.pdf,Reported assay concentration,0,50,100.0,,lower_only,"C50 > 100, or never reaches 50%","[""F078""]",[],[],[]
"souza2005|C018|agar_contact|coarse_visual_growth|Not restated; cited1990 protocol reads30–35 days, not independently confirmed for this run.",C018,Germanicol,souza2005,pure_compound,stereochemistry_or_identity_review,agar_contact,coarse_visual_growth,"Not restated; cited1990 protocol reads30–35 days, not independently confirmed for this run.",1,1,"[{""record_id"": ""F078"", ""dose_ug_ml"": 100, ""reported_inhibition"": 0}]",PDF 3 / printed 789; Table 3,https://doi.org/10.1515/znb-2005-0715,../../sources/souza2005.pdf,Reported assay concentration,10,50,100.0,,lower_only,"C50 > 100, or never reaches 50%","[""F078""]",[],[],[]
"souza2005|C018|agar_contact|coarse_visual_growth|Not restated; cited1990 protocol reads30–35 days, not independently confirmed for this run.",C018,Germanicol,souza2005,pure_compound,stereochemistry_or_identity_review,agar_contact,coarse_visual_growth,"Not restated; cited1990 protocol reads30–35 days, not independently confirmed for this run.",1,1,"[{""record_id"": ""F078"", ""dose_ug_ml"": 100, ""reported_inhibition"": 0}]",PDF 3 / printed 789; Table 3,https://doi.org/10.1515/znb-2005-0715,../../sources/souza2005.pdf,Reported assay concentration,20,50,100.0,,lower_only,"C50 > 100, or never reaches 50%","[""F078""]",[],[],[]
"souza2005|C019|agar_contact|coarse_visual_growth|Not restated; cited1990 protocol reads30–35 days, not independently confirmed for this run.",C019,β-Amyrin,souza2005,pure_compound,stereochemistry_or_identity_review,agar_contact,coarse_visual_growth,"Not restated; cited1990 protocol reads30–35 days, not independently confirmed for this run.",1,1,"[{""record_id"": ""F079"", ""dose_ug_ml"": 100, ""reported_inhibition"": 0}]",PDF 3 / printed 789; Table 3,https://doi.org/10.1515/znb-2005-0715,../../sources/souza2005.pdf,Reported assay concentration,0,50,100.0,,lower_only,"C50 > 100, or never reaches 50%","[""F079""]",[],[],[]
"souza2005|C019|agar_contact|coarse_visual_growth|Not restated; cited1990 protocol reads30–35 days, not independently confirmed for this run.",C019,β-Amyrin,souza2005,pure_compound,stereochemistry_or_identity_review,agar_contact,coarse_visual_growth,"Not restated; cited1990 protocol reads30–35 days, not independently confirmed for this run.",1,1,"[{""record_id"": ""F079"", ""dose_ug_ml"": 100, ""reported_inhibition"": 0}]",PDF 3 / printed 789; Table 3,https://doi.org/10.1515/znb-2005-0715,../../sources/souza2005.pdf,Reported assay concentration,10,50,100.0,,lower_only,"C50 > 100, or never reaches 50%","[""F079""]",[],[],[]
"souza2005|C019|agar_contact|coarse_visual_growth|Not restated; cited1990 protocol reads30–35 days, not independently confirmed for this run.",C019,β-Amyrin,souza2005,pure_compound,stereochemistry_or_identity_review,agar_contact,coarse_visual_growth,"Not restated; cited1990 protocol reads30–35 days, not independently confirmed for this run.",1,1,"[{""record_id"": ""F079"", ""dose_ug_ml"": 100, ""reported_inhibition"": 0}]",PDF 3 / printed 789; Table 3,https://doi.org/10.1515/znb-2005-0715,../../sources/souza2005.pdf,Reported assay concentration,20,50,100.0,,lower_only,"C50 > 100, or never reaches 50%","[""F079""]",[],[],[]
"souza2005|C020|agar_contact|coarse_visual_growth|Not restated; cited1990 protocol reads30–35 days, not independently confirmed for this run.",C020,β-Sitosterol,souza2005,pure_compound,stereochemistry_or_identity_review,agar_contact,coarse_visual_growth,"Not restated; cited1990 protocol reads30–35 days, not independently confirmed for this run.",1,1,"[{""record_id"": ""F080"", ""dose_ug_ml"": 100, ""reported_inhibition"": 0}]",PDF 3 / printed 789; Table 3,https://doi.org/10.1515/znb-2005-0715,../../sources/souza2005.pdf,Reported assay concentration,0,50,100.0,,lower_only,"C50 > 100, or never reaches 50%","[""F080""]",[],[],[]
"souza2005|C020|agar_contact|coarse_visual_growth|Not restated; cited1990 protocol reads30–35 days, not independently confirmed for this run.",C020,β-Sitosterol,souza2005,pure_compound,stereochemistry_or_identity_review,agar_contact,coarse_visual_growth,"Not restated; cited1990 protocol reads30–35 days, not independently confirmed for this run.",1,1,"[{""record_id"": ""F080"", ""dose_ug_ml"": 100, ""reported_inhibition"": 0}]",PDF 3 / printed 789; Table 3,https://doi.org/10.1515/znb-2005-0715,../../sources/souza2005.pdf,Reported assay concentration,10,50,100.0,,lower_only,"C50 > 100, or never reaches 50%","[""F080""]",[],[],[]
"souza2005|C020|agar_contact|coarse_visual_growth|Not restated; cited1990 protocol reads30–35 days, not independently confirmed for this run.",C020,β-Sitosterol,souza2005,pure_compound,stereochemistry_or_identity_review,agar_contact,coarse_visual_growth,"Not restated; cited1990 protocol reads30–35 days, not independently confirmed for this run.",1,1,"[{""record_id"": ""F080"", ""dose_ug_ml"": 100, ""reported_inhibition"": 0}]",PDF 3 / printed 789; Table 3,https://doi.org/10.1515/znb-2005-0715,../../sources/souza2005.pdf,Reported assay concentration,20,50,100.0,,lower_only,"C50 > 100, or never reaches 50%","[""F080""]",[],[],[]
"souza2005|C021|agar_contact|coarse_visual_growth|Not restated; cited1990 protocol reads30–35 days, not independently confirmed for this run.",C021,Stigmast-4-en-3-one,souza2005,pure_compound,stereochemistry_or_identity_review,agar_contact,coarse_visual_growth,"Not restated; cited1990 protocol reads30–35 days, not independently confirmed for this run.",1,1,"[{""record_id"": ""F081"", ""dose_ug_ml"": 100, ""reported_inhibition"": 0}]",PDF 3 / printed 789; Table 3,https://doi.org/10.1515/znb-2005-0715,../../sources/souza2005.pdf,Reported assay concentration,0,50,100.0,,lower_only,"C50 > 100, or never reaches 50%","[""F081""]",[],[],[]
"souza2005|C021|agar_contact|coarse_visual_growth|Not restated; cited1990 protocol reads30–35 days, not independently confirmed for this run.",C021,Stigmast-4-en-3-one,souza2005,pure_compound,stereochemistry_or_identity_review,agar_contact,coarse_visual_growth,"Not restated; cited1990 protocol reads30–35 days, not independently confirmed for this run.",1,1,"[{""record_id"": ""F081"", ""dose_ug_ml"": 100, ""reported_inhibition"": 0}]",PDF 3 / printed 789; Table 3,https://doi.org/10.1515/znb-2005-0715,../../sources/souza2005.pdf,Reported assay concentration,10,50,100.0,,lower_only,"C50 > 100, or never reaches 50%","[""F081""]",[],[],[]
"souza2005|C021|agar_contact|coarse_visual_growth|Not restated; cited1990 protocol reads30–35 days, not independently confirmed for this run.",C021,Stigmast-4-en-3-one,souza2005,pure_compound,stereochemistry_or_identity_review,agar_contact,coarse_visual_growth,"Not restated; cited1990 protocol reads30–35 days, not independently confirmed for this run.",1,1,"[{""record_id"": ""F081"", ""dose_ug_ml"": 100, ""reported_inhibition"": 0}]",PDF 3 / printed 789; Table 3,https://doi.org/10.1515/znb-2005-0715,../../sources/souza2005.pdf,Reported assay concentration,20,50,100.0,,lower_only,"C50 > 100, or never reaches 50%","[""F081""]",[],[],[]
"souza2005|C022|agar_contact|coarse_visual_growth|Not restated; cited1990 protocol reads30–35 days, not independently confirmed for this run.",C022,3β-Hydroxystigmast-5-en-7-one,souza2005,pure_compound,stereochemistry_or_identity_review,agar_contact,coarse_visual_growth,"Not restated; cited1990 protocol reads30–35 days, not independently confirmed for this run.",1,1,"[{""record_id"": ""F082"", ""dose_ug_ml"": 60, ""reported_inhibition"": 20}]",PDF 3 / printed 789; Table 3,https://doi.org/10.1515/znb-2005-0715,../../sources/souza2005.pdf,Reported assay concentration,0,50,60.0,,lower_only,"C50 > 60, or never reaches 50%","[""F082""]",[],[],[]
"souza2005|C022|agar_contact|coarse_visual_growth|Not restated; cited1990 protocol reads30–35 days, not independently confirmed for this run.",C022,3β-Hydroxystigmast-5-en-7-one,souza2005,pure_compound,stereochemistry_or_identity_review,agar_contact,coarse_visual_growth,"Not restated; cited1990 protocol reads30–35 days, not independently confirmed for this run.",1,1,"[{""record_id"": ""F082"", ""dose_ug_ml"": 60, ""reported_inhibition"": 20}]",PDF 3 / printed 789; Table 3,https://doi.org/10.1515/znb-2005-0715,../../sources/souza2005.pdf,Reported assay concentration,10,50,60.0,,lower_only,"C50 > 60, or never reaches 50%","[""F082""]",[],[],[]
"souza2005|C022|agar_contact|coarse_visual_growth|Not restated; cited1990 protocol reads30–35 days, not independently confirmed for this run.",C022,3β-Hydroxystigmast-5-en-7-one,souza2005,pure_compound,stereochemistry_or_identity_review,agar_contact,coarse_visual_growth,"Not restated; cited1990 protocol reads30–35 days, not independently confirmed for this run.",1,1,"[{""record_id"": ""F082"", ""dose_ug_ml"": 60, ""reported_inhibition"": 20}]",PDF 3 / printed 789; Table 3,https://doi.org/10.1515/znb-2005-0715,../../sources/souza2005.pdf,Reported assay concentration,20,50,60.0,,lower_only,"C50 > 60, or never reaches 50%","[""F082""]",[],[],[]
"souza2005|C023|agar_contact|coarse_visual_growth|Not restated; cited1990 protocol reads30–35 days, not independently confirmed for this run.",C023,Syringaresinol,souza2005,pure_compound,stereochemistry_or_identity_review,agar_contact,coarse_visual_growth,"Not restated; cited1990 protocol reads30–35 days, not independently confirmed for this run.",1,1,"[{""record_id"": ""F083"", ""dose_ug_ml"": 50, ""reported_inhibition"": 0}]",PDF 3 / printed 789; Table 3,https://doi.org/10.1515/znb-2005-0715,../../sources/souza2005.pdf,Reported assay concentration,0,50,50.0,,lower_only,"C50 > 50, or never reaches 50%","[""F083""]",[],[],[]
"souza2005|C023|agar_contact|coarse_visual_growth|Not restated; cited1990 protocol reads30–35 days, not independently confirmed for this run.",C023,Syringaresinol,souza2005,pure_compound,stereochemistry_or_identity_review,agar_contact,coarse_visual_growth,"Not restated; cited1990 protocol reads30–35 days, not independently confirmed for this run.",1,1,"[{""record_id"": ""F083"", ""dose_ug_ml"": 50, ""reported_inhibition"": 0}]",PDF 3 / printed 789; Table 3,https://doi.org/10.1515/znb-2005-0715,../../sources/souza2005.pdf,Reported assay concentration,10,50,50.0,,lower_only,"C50 > 50, or never reaches 50%","[""F083""]",[],[],[]
"souza2005|C023|agar_contact|coarse_visual_growth|Not restated; cited1990 protocol reads30–35 days, not independently confirmed for this run.",C023,Syringaresinol,souza2005,pure_compound,stereochemistry_or_identity_review,agar_contact,coarse_visual_growth,"Not restated; cited1990 protocol reads30–35 days, not independently confirmed for this run.",1,1,"[{""record_id"": ""F083"", ""dose_ug_ml"": 50, ""reported_inhibition"": 0}]",PDF 3 / printed 789; Table 3,https://doi.org/10.1515/znb-2005-0715,../../sources/souza2005.pdf,Reported assay concentration,20,50,50.0,,lower_only,"C50 > 50, or never reaches 50%","[""F083""]",[],[],[]
"souza2005|C024|agar_contact|coarse_visual_growth|Not restated; cited1990 protocol reads30–35 days, not independently confirmed for this run.",C024,Syringaldehyde,souza2005,pure_compound,achiral_identity_resolved,agar_contact,coarse_visual_growth,"Not restated; cited1990 protocol reads30–35 days, not independently confirmed for this run.",1,1,"[{""record_id"": ""F084"", ""dose_ug_ml"": 50, ""reported_inhibition"": 80}]",PDF 3 / printed 789; Table 3,https://doi.org/10.1515/znb-2005-0715,../../sources/souza2005.pdf,Reported assay concentration,0,50,,50.0,upper_only,0 < C50 ≤ 50,[],"[""F084""]",[],[]
"souza2005|C024|agar_contact|coarse_visual_growth|Not restated; cited1990 protocol reads30–35 days, not independently confirmed for this run.",C024,Syringaldehyde,souza2005,pure_compound,achiral_identity_resolved,agar_contact,coarse_visual_growth,"Not restated; cited1990 protocol reads30–35 days, not independently confirmed for this run.",1,1,"[{""record_id"": ""F084"", ""dose_ug_ml"": 50, ""reported_inhibition"": 80}]",PDF 3 / printed 789; Table 3,https://doi.org/10.1515/znb-2005-0715,../../sources/souza2005.pdf,Reported assay concentration,10,50,,50.0,upper_only,0 < C50 ≤ 50,[],"[""F084""]",[],[]
"souza2005|C024|agar_contact|coarse_visual_growth|Not restated; cited1990 protocol reads30–35 days, not independently confirmed for this run.",C024,Syringaldehyde,souza2005,pure_compound,achiral_identity_resolved,agar_contact,coarse_visual_growth,"Not restated; cited1990 protocol reads30–35 days, not independently confirmed for this run.",1,1,"[{""record_id"": ""F084"", ""dose_ug_ml"": 50, ""reported_inhibition"": 80}]",PDF 3 / printed 789; Table 3,https://doi.org/10.1515/znb-2005-0715,../../sources/souza2005.pdf,Reported assay concentration,20,50,,50.0,upper_only,0 < C50 ≤ 50,[],"[""F084""]",[],[]
"souza2005|C025|agar_contact|coarse_visual_growth|Not restated; cited1990 protocol reads30–35 days, not independently confirmed for this run.",C025,Vanillic acid,souza2005,pure_compound,achiral_identity_resolved,agar_contact,coarse_visual_growth,"Not restated; cited1990 protocol reads30–35 days, not independently confirmed for this run.",1,1,"[{""record_id"": ""F085"", ""dose_ug_ml"": 50, ""reported_inhibition"": 80}]",PDF 3 / printed 789; Table 3,https://doi.org/10.1515/znb-2005-0715,../../sources/souza2005.pdf,Reported assay concentration,0,50,,50.0,upper_only,0 < C50 ≤ 50,[],"[""F085""]",[],[]
"souza2005|C025|agar_contact|coarse_visual_growth|Not restated; cited1990 protocol reads30–35 days, not independently confirmed for this run.",C025,Vanillic acid,souza2005,pure_compound,achiral_identity_resolved,agar_contact,coarse_visual_growth,"Not restated; cited1990 protocol reads30–35 days, not independently confirmed for this run.",1,1,"[{""record_id"": ""F085"", ""dose_ug_ml"": 50, ""reported_inhibition"": 80}]",PDF 3 / printed 789; Table 3,https://doi.org/10.1515/znb-2005-0715,../../sources/souza2005.pdf,Reported assay concentration,10,50,,50.0,upper_only,0 < C50 ≤ 50,[],"[""F085""]",[],[]
"souza2005|C025|agar_contact|coarse_visual_growth|Not restated; cited1990 protocol reads30–35 days, not independently confirmed for this run.",C025,Vanillic acid,souza2005,pure_compound,achiral_identity_resolved,agar_contact,coarse_visual_growth,"Not restated; cited1990 protocol reads30–35 days, not independently confirmed for this run.",1,1,"[{""record_id"": ""F085"", ""dose_ug_ml"": 50, ""reported_inhibition"": 80}]",PDF 3 / printed 789; Table 3,https://doi.org/10.1515/znb-2005-0715,../../sources/souza2005.pdf,Reported assay concentration,20,50,,50.0,upper_only,0 < C50 ≤ 50,[],"[""F085""]",[],[]
"souza2005|C026|agar_contact|coarse_visual_growth|Not restated; cited1990 protocol reads30–35 days, not independently confirmed for this run.",C026,Dictamnine,souza2005,pure_compound,achiral_identity_resolved,agar_contact,coarse_visual_growth,"Not restated; cited1990 protocol reads30–35 days, not independently confirmed for this run.",1,1,"[{""record_id"": ""F086"", ""dose_ug_ml"": 40, ""reported_inhibition"": 40}]",PDF 3 / printed 789; Table 3,https://doi.org/10.1515/znb-2005-0715,../../sources/souza2005.pdf,Reported assay concentration,0,50,40.0,,lower_only,"C50 > 40, or never reaches 50%","[""F086""]",[],[],[]
"souza2005|C026|agar_contact|coarse_visual_growth|Not restated; cited1990 protocol reads30–35 days, not independently confirmed for this run.",C026,Dictamnine,souza2005,pure_compound,achiral_identity_resolved,agar_contact,coarse_visual_growth,"Not restated; cited1990 protocol reads30–35 days, not independently confirmed for this run.",1,1,"[{""record_id"": ""F086"", ""dose_ug_ml"": 40, ""reported_inhibition"": 40}]",PDF 3 / printed 789; Table 3,https://doi.org/10.1515/znb-2005-0715,../../sources/souza2005.pdf,Reported assay concentration,10,50,,,unconstrained,No threshold bound from these observations,[],[],"[""F086""]",[]
"souza2005|C026|agar_contact|coarse_visual_growth|Not restated; cited1990 protocol reads30–35 days, not independently confirmed for this run.",C026,Dictamnine,souza2005,pure_compound,achiral_identity_resolved,agar_contact,coarse_visual_growth,"Not restated; cited1990 protocol reads30–35 days, not independently confirmed for this run.",1,1,"[{""record_id"": ""F086"", ""dose_ug_ml"": 40, ""reported_inhibition"": 40}]",PDF 3 / printed 789; Table 3,https://doi.org/10.1515/znb-2005-0715,../../sources/souza2005.pdf,Reported assay concentration,20,50,,,unconstrained,No threshold bound from these observations,[],[],"[""F086""]",[]
"souza2005|C027|agar_contact|coarse_visual_growth|Not restated; cited1990 protocol reads30–35 days, not independently confirmed for this run.",C027,1-Methyl-4-methoxy-2-quinolone,souza2005,pure_compound,achiral_identity_resolved,agar_contact,coarse_visual_growth,"Not restated; cited1990 protocol reads30–35 days, not independently confirmed for this run.",1,1,"[{""record_id"": ""F087"", ""dose_ug_ml"": 60, ""reported_inhibition"": 0}]",PDF 3 / printed 789; Table 3,https://doi.org/10.1515/znb-2005-0715,../../sources/souza2005.pdf,Reported assay concentration,0,50,60.0,,lower_only,"C50 > 60, or never reaches 50%","[""F087""]",[],[],[]
"souza2005|C027|agar_contact|coarse_visual_growth|Not restated; cited1990 protocol reads30–35 days, not independently confirmed for this run.",C027,1-Methyl-4-methoxy-2-quinolone,souza2005,pure_compound,achiral_identity_resolved,agar_contact,coarse_visual_growth,"Not restated; cited1990 protocol reads30–35 days, not independently confirmed for this run.",1,1,"[{""record_id"": ""F087"", ""dose_ug_ml"": 60, ""reported_inhibition"": 0}]",PDF 3 / printed 789; Table 3,https://doi.org/10.1515/znb-2005-0715,../../sources/souza2005.pdf,Reported assay concentration,10,50,60.0,,lower_only,"C50 > 60, or never reaches 50%","[""F087""]",[],[],[]
"souza2005|C027|agar_contact|coarse_visual_growth|Not restated; cited1990 protocol reads30–35 days, not independently confirmed for this run.",C027,1-Methyl-4-methoxy-2-quinolone,souza2005,pure_compound,achiral_identity_resolved,agar_contact,coarse_visual_growth,"Not restated; cited1990 protocol reads30–35 days, not independently confirmed for this run.",1,1,"[{""record_id"": ""F087"", ""dose_ug_ml"": 60, ""reported_inhibition"": 0}]",PDF 3 / printed 789; Table 3,https://doi.org/10.1515/znb-2005-0715,../../sources/souza2005.pdf,Reported assay concentration,20,50,60.0,,lower_only,"C50 > 60, or never reaches 50%","[""F087""]",[],[],[]
"souza2005|C028|agar_contact|coarse_visual_growth|Not restated; cited1990 protocol reads30–35 days, not independently confirmed for this run.",C028,Platydesmine,souza2005,pure_compound,stereochemistry_or_identity_review,agar_contact,coarse_visual_growth,"Not restated; cited1990 protocol reads30–35 days, not independently confirmed for this run.",1,1,"[{""record_id"": ""F088"", ""dose_ug_ml"": 50, ""reported_inhibition"": 80}]",PDF 3 / printed 789; Table 3,https://doi.org/10.1515/znb-2005-0715,../../sources/souza2005.pdf,Reported assay concentration,0,50,,50.0,upper_only,0 < C50 ≤ 50,[],"[""F088""]",[],[]
"souza2005|C028|agar_contact|coarse_visual_growth|Not restated; cited1990 protocol reads30–35 days, not independently confirmed for this run.",C028,Platydesmine,souza2005,pure_compound,stereochemistry_or_identity_review,agar_contact,coarse_visual_growth,"Not restated; cited1990 protocol reads30–35 days, not independently confirmed for this run.",1,1,"[{""record_id"": ""F088"", ""dose_ug_ml"": 50, ""reported_inhibition"": 80}]",PDF 3 / printed 789; Table 3,https://doi.org/10.1515/znb-2005-0715,../../sources/souza2005.pdf,Reported assay concentration,10,50,,50.0,upper_only,0 < C50 ≤ 50,[],"[""F088""]",[],[]
"souza2005|C028|agar_contact|coarse_visual_growth|Not restated; cited1990 protocol reads30–35 days, not independently confirmed for this run.",C028,Platydesmine,souza2005,pure_compound,stereochemistry_or_identity_review,agar_contact,coarse_visual_growth,"Not restated; cited1990 protocol reads30–35 days, not independently confirmed for this run.",1,1,"[{""record_id"": ""F088"", ""dose_ug_ml"": 50, ""reported_inhibition"": 80}]",PDF 3 / printed 789; Table 3,https://doi.org/10.1515/znb-2005-0715,../../sources/souza2005.pdf,Reported assay concentration,20,50,,50.0,upper_only,0 < C50 ≤ 50,[],"[""F088""]",[],[]
coumarins2005|C036|agar_contact|coarse_visual_growth|30 days at 25±1°C,C036,Angelicin,coumarins2005,pure_compound,achiral_identity_resolved,agar_contact,coarse_visual_growth,30 days at 25±1°C,1,1,"[{""record_id"": ""M001"", ""dose_ug_ml"": 72, ""reported_inhibition"": 40}]",PDF 3 / printed 671; Table 1 and Figure 1,https://doi.org/10.1590/S0103-50532005000400031,../../sources/coumarins2005.pdf,Final concentration explicitly stated in methods,0,50,72.0,,lower_only,"C50 > 72, or never reaches 50%","[""M001""]",[],[],[]
coumarins2005|C036|agar_contact|coarse_visual_growth|30 days at 25±1°C,C036,Angelicin,coumarins2005,pure_compound,achiral_identity_resolved,agar_contact,coarse_visual_growth,30 days at 25±1°C,1,1,"[{""record_id"": ""M001"", ""dose_ug_ml"": 72, ""reported_inhibition"": 40}]",PDF 3 / printed 671; Table 1 and Figure 1,https://doi.org/10.1590/S0103-50532005000400031,../../sources/coumarins2005.pdf,Final concentration explicitly stated in methods,10,50,,,unconstrained,No threshold bound from these observations,[],[],"[""M001""]",[]
coumarins2005|C036|agar_contact|coarse_visual_growth|30 days at 25±1°C,C036,Angelicin,coumarins2005,pure_compound,achiral_identity_resolved,agar_contact,coarse_visual_growth,30 days at 25±1°C,1,1,"[{""record_id"": ""M001"", ""dose_ug_ml"": 72, ""reported_inhibition"": 40}]",PDF 3 / printed 671; Table 1 and Figure 1,https://doi.org/10.1590/S0103-50532005000400031,../../sources/coumarins2005.pdf,Final concentration explicitly stated in methods,20,50,,,unconstrained,No threshold bound from these observations,[],[],"[""M001""]",[]
coumarins2005|C037|agar_contact|coarse_visual_growth|30 days at 25±1°C,C037,Suberosin,coumarins2005,pure_compound,achiral_identity_resolved,agar_contact,coarse_visual_growth,30 days at 25±1°C,1,1,"[{""record_id"": ""M002"", ""dose_ug_ml"": 64, ""reported_inhibition"": 100}]",PDF 3 / printed 671; Table 1 and Figure 1,https://doi.org/10.1590/S0103-50532005000400031,../../sources/coumarins2005.pdf,Final concentration explicitly stated in methods,0,50,,64.0,upper_only,0 < C50 ≤ 64,[],"[""M002""]",[],[]
coumarins2005|C037|agar_contact|coarse_visual_growth|30 days at 25±1°C,C037,Suberosin,coumarins2005,pure_compound,achiral_identity_resolved,agar_contact,coarse_visual_growth,30 days at 25±1°C,1,1,"[{""record_id"": ""M002"", ""dose_ug_ml"": 64, ""reported_inhibition"": 100}]",PDF 3 / printed 671; Table 1 and Figure 1,https://doi.org/10.1590/S0103-50532005000400031,../../sources/coumarins2005.pdf,Final concentration explicitly stated in methods,10,50,,64.0,upper_only,0 < C50 ≤ 64,[],"[""M002""]",[],[]
coumarins2005|C037|agar_contact|coarse_visual_growth|30 days at 25±1°C,C037,Suberosin,coumarins2005,pure_compound,achiral_identity_resolved,agar_contact,coarse_visual_growth,30 days at 25±1°C,1,1,"[{""record_id"": ""M002"", ""dose_ug_ml"": 64, ""reported_inhibition"": 100}]",PDF 3 / printed 671; Table 1 and Figure 1,https://doi.org/10.1590/S0103-50532005000400031,../../sources/coumarins2005.pdf,Final concentration explicitly stated in methods,20,50,,64.0,upper_only,0 < C50 ≤ 64,[],"[""M002""]",[],[]
coumarins2005|C038|agar_contact|coarse_visual_growth|30 days at 25±1°C,C038,Xanthoxyletin,coumarins2005,pure_compound,achiral_identity_resolved,agar_contact,coarse_visual_growth,30 days at 25±1°C,1,1,"[{""record_id"": ""M003"", ""dose_ug_ml"": 70, ""reported_inhibition"": 100}]",PDF 3 / printed 671; Table 1 and Figure 1,https://doi.org/10.1590/S0103-50532005000400031,../../sources/coumarins2005.pdf,Final concentration explicitly stated in methods,0,50,,70.0,upper_only,0 < C50 ≤ 70,[],"[""M003""]",[],[]
coumarins2005|C038|agar_contact|coarse_visual_growth|30 days at 25±1°C,C038,Xanthoxyletin,coumarins2005,pure_compound,achiral_identity_resolved,agar_contact,coarse_visual_growth,30 days at 25±1°C,1,1,"[{""record_id"": ""M003"", ""dose_ug_ml"": 70, ""reported_inhibition"": 100}]",PDF 3 / printed 671; Table 1 and Figure 1,https://doi.org/10.1590/S0103-50532005000400031,../../sources/coumarins2005.pdf,Final concentration explicitly stated in methods,10,50,,70.0,upper_only,0 < C50 ≤ 70,[],"[""M003""]",[],[]
coumarins2005|C038|agar_contact|coarse_visual_growth|30 days at 25±1°C,C038,Xanthoxyletin,coumarins2005,pure_compound,achiral_identity_resolved,agar_contact,coarse_visual_growth,30 days at 25±1°C,1,1,"[{""record_id"": ""M003"", ""dose_ug_ml"": 70, ""reported_inhibition"": 100}]",PDF 3 / printed 671; Table 1 and Figure 1,https://doi.org/10.1590/S0103-50532005000400031,../../sources/coumarins2005.pdf,Final concentration explicitly stated in methods,20,50,,70.0,upper_only,0 < C50 ≤ 70,[],"[""M003""]",[],[]
coumarins2005|C039|agar_contact|coarse_visual_growth|30 days at 25±1°C,C039,Clausarin,coumarins2005,pure_compound,achiral_identity_resolved,agar_contact,coarse_visual_growth,30 days at 25±1°C,1,1,"[{""record_id"": ""M004"", ""dose_ug_ml"": 75, ""reported_inhibition"": 0}]",PDF 3 / printed 671; Table 1 and Figure 1,https://doi.org/10.1590/S0103-50532005000400031,../../sources/coumarins2005.pdf,Final concentration explicitly stated in methods,0,50,75.0,,lower_only,"C50 > 75, or never reaches 50%","[""M004""]",[],[],[]
coumarins2005|C039|agar_contact|coarse_visual_growth|30 days at 25±1°C,C039,Clausarin,coumarins2005,pure_compound,achiral_identity_resolved,agar_contact,coarse_visual_growth,30 days at 25±1°C,1,1,"[{""record_id"": ""M004"", ""dose_ug_ml"": 75, ""reported_inhibition"": 0}]",PDF 3 / printed 671; Table 1 and Figure 1,https://doi.org/10.1590/S0103-50532005000400031,../../sources/coumarins2005.pdf,Final concentration explicitly stated in methods,10,50,75.0,,lower_only,"C50 > 75, or never reaches 50%","[""M004""]",[],[],[]
coumarins2005|C039|agar_contact|coarse_visual_growth|30 days at 25±1°C,C039,Clausarin,coumarins2005,pure_compound,achiral_identity_resolved,agar_contact,coarse_visual_growth,30 days at 25±1°C,1,1,"[{""record_id"": ""M004"", ""dose_ug_ml"": 75, ""reported_inhibition"": 0}]",PDF 3 / printed 671; Table 1 and Figure 1,https://doi.org/10.1590/S0103-50532005000400031,../../sources/coumarins2005.pdf,Final concentration explicitly stated in methods,20,50,75.0,,lower_only,"C50 > 75, or never reaches 50%","[""M004""]",[],[],[]
coumarins2005|C040|agar_contact|coarse_visual_growth|30 days at 25±1°C,C040,Isopimpinellin,coumarins2005,pure_compound,achiral_identity_resolved,agar_contact,coarse_visual_growth,30 days at 25±1°C,1,1,"[{""record_id"": ""M005"", ""dose_ug_ml"": 80, ""reported_inhibition"": 100}]",PDF 3 / printed 671; Table 1 and Figure 1,https://doi.org/10.1590/S0103-50532005000400031,../../sources/coumarins2005.pdf,Final concentration explicitly stated in methods,0,50,,80.0,upper_only,0 < C50 ≤ 80,[],"[""M005""]",[],[]
coumarins2005|C040|agar_contact|coarse_visual_growth|30 days at 25±1°C,C040,Isopimpinellin,coumarins2005,pure_compound,achiral_identity_resolved,agar_contact,coarse_visual_growth,30 days at 25±1°C,1,1,"[{""record_id"": ""M005"", ""dose_ug_ml"": 80, ""reported_inhibition"": 100}]",PDF 3 / printed 671; Table 1 and Figure 1,https://doi.org/10.1590/S0103-50532005000400031,../../sources/coumarins2005.pdf,Final concentration explicitly stated in methods,10,50,,80.0,upper_only,0 < C50 ≤ 80,[],"[""M005""]",[],[]
coumarins2005|C040|agar_contact|coarse_visual_growth|30 days at 25±1°C,C040,Isopimpinellin,coumarins2005,pure_compound,achiral_identity_resolved,agar_contact,coarse_visual_growth,30 days at 25±1°C,1,1,"[{""record_id"": ""M005"", ""dose_ug_ml"": 80, ""reported_inhibition"": 100}]",PDF 3 / printed 671; Table 1 and Figure 1,https://doi.org/10.1590/S0103-50532005000400031,../../sources/coumarins2005.pdf,Final concentration explicitly stated in methods,20,50,,80.0,upper_only,0 < C50 ≤ 80,[],"[""M005""]",[],[]
coumarins2005|C041|agar_contact|coarse_visual_growth|30 days at 25±1°C,C041,Umbelliferone,coumarins2005,pure_compound,achiral_identity_resolved,agar_contact,coarse_visual_growth,30 days at 25±1°C,1,1,"[{""record_id"": ""M006"", ""dose_ug_ml"": 65, ""reported_inhibition"": 60}]",PDF 3 / printed 671; Table 1 and Figure 1,https://doi.org/10.1590/S0103-50532005000400031,../../sources/coumarins2005.pdf,Final concentration explicitly stated in methods,0,50,,65.0,upper_only,0 < C50 ≤ 65,[],"[""M006""]",[],[]
coumarins2005|C041|agar_contact|coarse_visual_growth|30 days at 25±1°C,C041,Umbelliferone,coumarins2005,pure_compound,achiral_identity_resolved,agar_contact,coarse_visual_growth,30 days at 25±1°C,1,1,"[{""record_id"": ""M006"", ""dose_ug_ml"": 65, ""reported_inhibition"": 60}]",PDF 3 / printed 671; Table 1 and Figure 1,https://doi.org/10.1590/S0103-50532005000400031,../../sources/coumarins2005.pdf,Final concentration explicitly stated in methods,10,50,,65.0,upper_only,0 < C50 ≤ 65,[],"[""M006""]",[],[]
coumarins2005|C041|agar_contact|coarse_visual_growth|30 days at 25±1°C,C041,Umbelliferone,coumarins2005,pure_compound,achiral_identity_resolved,agar_contact,coarse_visual_growth,30 days at 25±1°C,1,1,"[{""record_id"": ""M006"", ""dose_ug_ml"": 65, ""reported_inhibition"": 60}]",PDF 3 / printed 671; Table 1 and Figure 1,https://doi.org/10.1590/S0103-50532005000400031,../../sources/coumarins2005.pdf,Final concentration explicitly stated in methods,20,50,,,unconstrained,No threshold bound from these observations,[],[],"[""M006""]",[]
coumarins2005|C042|agar_contact|coarse_visual_growth|30 days at 25±1°C,C042,Xanthyletin,coumarins2005,pure_compound,achiral_identity_resolved,agar_contact,coarse_visual_growth,30 days at 25±1°C,1,1,"[{""record_id"": ""M007"", ""dose_ug_ml"": 25, ""reported_inhibition"": 100}]",PDF 3 / printed 671; Table 1 and Figure 1,https://doi.org/10.1590/S0103-50532005000400031,../../sources/coumarins2005.pdf,Final concentration explicitly stated in methods,0,50,,25.0,upper_only,0 < C50 ≤ 25,[],"[""M007""]",[],[]
coumarins2005|C042|agar_contact|coarse_visual_growth|30 days at 25±1°C,C042,Xanthyletin,coumarins2005,pure_compound,achiral_identity_resolved,agar_contact,coarse_visual_growth,30 days at 25±1°C,1,1,"[{""record_id"": ""M007"", ""dose_ug_ml"": 25, ""reported_inhibition"": 100}]",PDF 3 / printed 671; Table 1 and Figure 1,https://doi.org/10.1590/S0103-50532005000400031,../../sources/coumarins2005.pdf,Final concentration explicitly stated in methods,10,50,,25.0,upper_only,0 < C50 ≤ 25,[],"[""M007""]",[],[]
coumarins2005|C042|agar_contact|coarse_visual_growth|30 days at 25±1°C,C042,Xanthyletin,coumarins2005,pure_compound,achiral_identity_resolved,agar_contact,coarse_visual_growth,30 days at 25±1°C,1,1,"[{""record_id"": ""M007"", ""dose_ug_ml"": 25, ""reported_inhibition"": 100}]",PDF 3 / printed 671; Table 1 and Figure 1,https://doi.org/10.1590/S0103-50532005000400031,../../sources/coumarins2005.pdf,Final concentration explicitly stated in methods,20,50,,25.0,upper_only,0 < C50 ≤ 25,[],"[""M007""]",[],[]
coumarins2005|C043|agar_contact|coarse_visual_growth|30 days at 25±1°C,C043,"7-Hydroxy-3-(1,1-dimethylallyl)-8-methoxycoumarin",coumarins2005,pure_compound,database_unresolved,agar_contact,coarse_visual_growth,30 days at 25±1°C,1,1,"[{""record_id"": ""M008"", ""dose_ug_ml"": 75, ""reported_inhibition"": 80}]",PDF 3 / printed 671; Table 1 and Figure 1,https://doi.org/10.1590/S0103-50532005000400031,../../sources/coumarins2005.pdf,Final concentration explicitly stated in methods,0,50,,75.0,upper_only,0 < C50 ≤ 75,[],"[""M008""]",[],[]
coumarins2005|C043|agar_contact|coarse_visual_growth|30 days at 25±1°C,C043,"7-Hydroxy-3-(1,1-dimethylallyl)-8-methoxycoumarin",coumarins2005,pure_compound,database_unresolved,agar_contact,coarse_visual_growth,30 days at 25±1°C,1,1,"[{""record_id"": ""M008"", ""dose_ug_ml"": 75, ""reported_inhibition"": 80}]",PDF 3 / printed 671; Table 1 and Figure 1,https://doi.org/10.1590/S0103-50532005000400031,../../sources/coumarins2005.pdf,Final concentration explicitly stated in methods,10,50,,75.0,upper_only,0 < C50 ≤ 75,[],"[""M008""]",[],[]
coumarins2005|C043|agar_contact|coarse_visual_growth|30 days at 25±1°C,C043,"7-Hydroxy-3-(1,1-dimethylallyl)-8-methoxycoumarin",coumarins2005,pure_compound,database_unresolved,agar_contact,coarse_visual_growth,30 days at 25±1°C,1,1,"[{""record_id"": ""M008"", ""dose_ug_ml"": 75, ""reported_inhibition"": 80}]",PDF 3 / printed 671; Table 1 and Figure 1,https://doi.org/10.1590/S0103-50532005000400031,../../sources/coumarins2005.pdf,Final concentration explicitly stated in methods,20,50,,75.0,upper_only,0 < C50 ≤ 75,[],"[""M008""]",[],[]
coumarins2005|C044|agar_contact|coarse_visual_growth|30 days at 25±1°C,C044,Piperonyl butoxide,coumarins2005,reference_compound,achiral_identity_resolved,agar_contact,coarse_visual_growth,30 days at 25±1°C,1,1,"[{""record_id"": ""M009"", ""dose_ug_ml"": 50, ""reported_inhibition"": "">=80""}]",PDF 3 / printed 671; Table 1 and Figure 1,https://doi.org/10.1590/S0103-50532005000400031,../../sources/coumarins2005.pdf,Final concentration explicitly stated in methods,0,50,,50.0,upper_only,0 < C50 ≤ 50,[],"[""M009""]",[],[]
coumarins2005|C044|agar_contact|coarse_visual_growth|30 days at 25±1°C,C044,Piperonyl butoxide,coumarins2005,reference_compound,achiral_identity_resolved,agar_contact,coarse_visual_growth,30 days at 25±1°C,1,1,"[{""record_id"": ""M009"", ""dose_ug_ml"": 50, ""reported_inhibition"": "">=80""}]",PDF 3 / printed 671; Table 1 and Figure 1,https://doi.org/10.1590/S0103-50532005000400031,../../sources/coumarins2005.pdf,Final concentration explicitly stated in methods,10,50,,50.0,upper_only,0 < C50 ≤ 50,[],"[""M009""]",[],[]
coumarins2005|C044|agar_contact|coarse_visual_growth|30 days at 25±1°C,C044,Piperonyl butoxide,coumarins2005,reference_compound,achiral_identity_resolved,agar_contact,coarse_visual_growth,30 days at 25±1°C,1,1,"[{""record_id"": ""M009"", ""dose_ug_ml"": 50, ""reported_inhibition"": "">=80""}]",PDF 3 / printed 671; Table 1 and Figure 1,https://doi.org/10.1590/S0103-50532005000400031,../../sources/coumarins2005.pdf,Final concentration explicitly stated in methods,20,50,,50.0,upper_only,0 < C50 ≤ 50,[],"[""M009""]",[],[]
raulinoa2002|C045|agar_contact|coarse_visual_growth|Not restated; do not assume the exact duration of the cited protocol.,C045,Skimmianine,raulinoa2002,pure_compound,achiral_identity_resolved,agar_contact,coarse_visual_growth,Not restated; do not assume the exact duration of the cited protocol.,2,2,"[{""record_id"": ""M010"", ""dose_ug_ml"": 50, ""reported_inhibition"": 60}, {""record_id"": ""M011"", ""dose_ug_ml"": 100, ""reported_inhibition"": 80}]",PDF 3 / printed 68; Table 1,https://doi.org/10.1590/S0103-50532002000100010,../../sources/raulinoa2002.pdf,Table concentration; detailed assay referred to prior protocol,0,50,,50.0,upper_only,0 < C50 ≤ 50,[],"[""M010"", ""M011""]",[],[]
raulinoa2002|C045|agar_contact|coarse_visual_growth|Not restated; do not assume the exact duration of the cited protocol.,C045,Skimmianine,raulinoa2002,pure_compound,achiral_identity_resolved,agar_contact,coarse_visual_growth,Not restated; do not assume the exact duration of the cited protocol.,2,2,"[{""record_id"": ""M010"", ""dose_ug_ml"": 50, ""reported_inhibition"": 60}, {""record_id"": ""M011"", ""dose_ug_ml"": 100, ""reported_inhibition"": 80}]",PDF 3 / printed 68; Table 1,https://doi.org/10.1590/S0103-50532002000100010,../../sources/raulinoa2002.pdf,Table concentration; detailed assay referred to prior protocol,10,50,,50.0,upper_only,0 < C50 ≤ 50,[],"[""M010"", ""M011""]",[],[]
raulinoa2002|C045|agar_contact|coarse_visual_growth|Not restated; do not assume the exact duration of the cited protocol.,C045,Skimmianine,raulinoa2002,pure_compound,achiral_identity_resolved,agar_contact,coarse_visual_growth,Not restated; do not assume the exact duration of the cited protocol.,2,2,"[{""record_id"": ""M010"", ""dose_ug_ml"": 50, ""reported_inhibition"": 60}, {""record_id"": ""M011"", ""dose_ug_ml"": 100, ""reported_inhibition"": 80}]",PDF 3 / printed 68; Table 1,https://doi.org/10.1590/S0103-50532002000100010,../../sources/raulinoa2002.pdf,Table concentration; detailed assay referred to prior protocol,20,50,,100.0,upper_only,0 < C50 ≤ 100,[],"[""M011""]","[""M010""]",[]
raulinoa2002|C046|agar_contact|coarse_visual_growth|Not restated; do not assume the exact duration of the cited protocol.,C046,Kokusaginine,raulinoa2002,pure_compound,achiral_identity_resolved,agar_contact,coarse_visual_growth,Not restated; do not assume the exact duration of the cited protocol.,2,2,"[{""record_id"": ""M012"", ""dose_ug_ml"": 50, ""reported_inhibition"": 20}, {""record_id"": ""M013"", ""dose_ug_ml"": 100, ""reported_inhibition"": 100}]",PDF 3 / printed 68; Table 1,https://doi.org/10.1590/S0103-50532002000100010,../../sources/raulinoa2002.pdf,Table concentration; detailed assay referred to prior protocol,0,50,50.0,100.0,two_sided,50 < C50 ≤ 100,"[""M012""]","[""M013""]",[],[]
raulinoa2002|C046|agar_contact|coarse_visual_growth|Not restated; do not assume the exact duration of the cited protocol.,C046,Kokusaginine,raulinoa2002,pure_compound,achiral_identity_resolved,agar_contact,coarse_visual_growth,Not restated; do not assume the exact duration of the cited protocol.,2,2,"[{""record_id"": ""M012"", ""dose_ug_ml"": 50, ""reported_inhibition"": 20}, {""record_id"": ""M013"", ""dose_ug_ml"": 100, ""reported_inhibition"": 100}]",PDF 3 / printed 68; Table 1,https://doi.org/10.1590/S0103-50532002000100010,../../sources/raulinoa2002.pdf,Table concentration; detailed assay referred to prior protocol,10,50,50.0,100.0,two_sided,50 < C50 ≤ 100,"[""M012""]","[""M013""]",[],[]
raulinoa2002|C046|agar_contact|coarse_visual_growth|Not restated; do not assume the exact duration of the cited protocol.,C046,Kokusaginine,raulinoa2002,pure_compound,achiral_identity_resolved,agar_contact,coarse_visual_growth,Not restated; do not assume the exact duration of the cited protocol.,2,2,"[{""record_id"": ""M012"", ""dose_ug_ml"": 50, ""reported_inhibition"": 20}, {""record_id"": ""M013"", ""dose_ug_ml"": 100, ""reported_inhibition"": 100}]",PDF 3 / printed 68; Table 1,https://doi.org/10.1590/S0103-50532002000100010,../../sources/raulinoa2002.pdf,Table concentration; detailed assay referred to prior protocol,20,50,50.0,100.0,two_sided,50 < C50 ≤ 100,"[""M012""]","[""M013""]",[],[]
raulinoa2002|C047|agar_contact|coarse_visual_growth|Not restated; do not assume the exact duration of the cited protocol.,C047,Maculine,raulinoa2002,pure_compound,achiral_identity_resolved,agar_contact,coarse_visual_growth,Not restated; do not assume the exact duration of the cited protocol.,2,2,"[{""record_id"": ""M014"", ""dose_ug_ml"": 50, ""reported_inhibition"": 10}, {""record_id"": ""M015"", ""dose_ug_ml"": 100, ""reported_inhibition"": 50}]",PDF 3 / printed 68; Table 1,https://doi.org/10.1590/S0103-50532002000100010,../../sources/raulinoa2002.pdf,Table concentration; detailed assay referred to prior protocol,0,50,50.0,100.0,two_sided,50 < C50 ≤ 100,"[""M014""]","[""M015""]",[],[]
raulinoa2002|C047|agar_contact|coarse_visual_growth|Not restated; do not assume the exact duration of the cited protocol.,C047,Maculine,raulinoa2002,pure_compound,achiral_identity_resolved,agar_contact,coarse_visual_growth,Not restated; do not assume the exact duration of the cited protocol.,2,2,"[{""record_id"": ""M014"", ""dose_ug_ml"": 50, ""reported_inhibition"": 10}, {""record_id"": ""M015"", ""dose_ug_ml"": 100, ""reported_inhibition"": 50}]",PDF 3 / printed 68; Table 1,https://doi.org/10.1590/S0103-50532002000100010,../../sources/raulinoa2002.pdf,Table concentration; detailed assay referred to prior protocol,10,50,50.0,,lower_only,"C50 > 50, or never reaches 50%","[""M014""]",[],"[""M015""]",[]
raulinoa2002|C047|agar_contact|coarse_visual_growth|Not restated; do not assume the exact duration of the cited protocol.,C047,Maculine,raulinoa2002,pure_compound,achiral_identity_resolved,agar_contact,coarse_visual_growth,Not restated; do not assume the exact duration of the cited protocol.,2,2,"[{""record_id"": ""M014"", ""dose_ug_ml"": 50, ""reported_inhibition"": 10}, {""record_id"": ""M015"", ""dose_ug_ml"": 100, ""reported_inhibition"": 50}]",PDF 3 / printed 68; Table 1,https://doi.org/10.1590/S0103-50532002000100010,../../sources/raulinoa2002.pdf,Table concentration; detailed assay referred to prior protocol,20,50,50.0,,lower_only,"C50 > 50, or never reaches 50%","[""M014""]",[],"[""M015""]",[]
raulinoa2002|C048|agar_contact|coarse_visual_growth|Not restated; do not assume the exact duration of the cited protocol.,C048,Flindersiamine,raulinoa2002,pure_compound,achiral_identity_resolved,agar_contact,coarse_visual_growth,Not restated; do not assume the exact duration of the cited protocol.,1,1,"[{""record_id"": ""M016"", ""dose_ug_ml"": 100, ""reported_inhibition"": 50}]",PDF 3 / printed 68; Table 1,https://doi.org/10.1590/S0103-50532002000100010,../../sources/raulinoa2002.pdf,Table concentration; detailed assay referred to prior protocol,0,50,,100.0,upper_only,0 < C50 ≤ 100,[],"[""M016""]",[],[]
raulinoa2002|C048|agar_contact|coarse_visual_growth|Not restated; do not assume the exact duration of the cited protocol.,C048,Flindersiamine,raulinoa2002,pure_compound,achiral_identity_resolved,agar_contact,coarse_visual_growth,Not restated; do not assume the exact duration of the cited protocol.,1,1,"[{""record_id"": ""M016"", ""dose_ug_ml"": 100, ""reported_inhibition"": 50}]",PDF 3 / printed 68; Table 1,https://doi.org/10.1590/S0103-50532002000100010,../../sources/raulinoa2002.pdf,Table concentration; detailed assay referred to prior protocol,10,50,,,unconstrained,No threshold bound from these observations,[],[],"[""M016""]",[]
raulinoa2002|C048|agar_contact|coarse_visual_growth|Not restated; do not assume the exact duration of the cited protocol.,C048,Flindersiamine,raulinoa2002,pure_compound,achiral_identity_resolved,agar_contact,coarse_visual_growth,Not restated; do not assume the exact duration of the cited protocol.,1,1,"[{""record_id"": ""M016"", ""dose_ug_ml"": 100, ""reported_inhibition"": 50}]",PDF 3 / printed 68; Table 1,https://doi.org/10.1590/S0103-50532002000100010,../../sources/raulinoa2002.pdf,Table concentration; detailed assay referred to prior protocol,20,50,,,unconstrained,No threshold bound from these observations,[],[],"[""M016""]",[]
raulinoa2002|C049|agar_contact|coarse_visual_growth|Not restated; do not assume the exact duration of the cited protocol.,C049,2-n-Nonyl-4-quinolone,raulinoa2002,pure_compound,achiral_identity_resolved,agar_contact,coarse_visual_growth,Not restated; do not assume the exact duration of the cited protocol.,2,2,"[{""record_id"": ""M017"", ""dose_ug_ml"": 50, ""reported_inhibition"": 20}, {""record_id"": ""M018"", ""dose_ug_ml"": 100, ""reported_inhibition"": 50}]",PDF 3 / printed 68; Table 1,https://doi.org/10.1590/S0103-50532002000100010,../../sources/raulinoa2002.pdf,Table concentration; detailed assay referred to prior protocol,0,50,50.0,100.0,two_sided,50 < C50 ≤ 100,"[""M017""]","[""M018""]",[],[]
raulinoa2002|C049|agar_contact|coarse_visual_growth|Not restated; do not assume the exact duration of the cited protocol.,C049,2-n-Nonyl-4-quinolone,raulinoa2002,pure_compound,achiral_identity_resolved,agar_contact,coarse_visual_growth,Not restated; do not assume the exact duration of the cited protocol.,2,2,"[{""record_id"": ""M017"", ""dose_ug_ml"": 50, ""reported_inhibition"": 20}, {""record_id"": ""M018"", ""dose_ug_ml"": 100, ""reported_inhibition"": 50}]",PDF 3 / printed 68; Table 1,https://doi.org/10.1590/S0103-50532002000100010,../../sources/raulinoa2002.pdf,Table concentration; detailed assay referred to prior protocol,10,50,50.0,,lower_only,"C50 > 50, or never reaches 50%","[""M017""]",[],"[""M018""]",[]
raulinoa2002|C049|agar_contact|coarse_visual_growth|Not restated; do not assume the exact duration of the cited protocol.,C049,2-n-Nonyl-4-quinolone,raulinoa2002,pure_compound,achiral_identity_resolved,agar_contact,coarse_visual_growth,Not restated; do not assume the exact duration of the cited protocol.,2,2,"[{""record_id"": ""M017"", ""dose_ug_ml"": 50, ""reported_inhibition"": 20}, {""record_id"": ""M018"", ""dose_ug_ml"": 100, ""reported_inhibition"": 50}]",PDF 3 / printed 68; Table 1,https://doi.org/10.1590/S0103-50532002000100010,../../sources/raulinoa2002.pdf,Table concentration; detailed assay referred to prior protocol,20,50,50.0,,lower_only,"C50 > 50, or never reaches 50%","[""M017""]",[],"[""M018""]",[]
