source_id,title,authors,year,language,document_type,doi,original_url,local_file,validation_status,notes
salazar2020,Dillapiole in Piper holtonii as an Inhibitor of the Symbiotic Fungus Leucoagaricus gongylophorus of Leaf-Cutting Ants,"Salazar, Lina Cristina; Ortiz-Reyes, Adriana; Rosero, Diana Marcela; Lobo-Echeverri, Tatiana",2020,English,Journal article,10.1007/s10886-020-01170-w,https://doi.org/10.1007/s10886-020-01170-w,sources/salazar2020.pdf,Original full text: relevant methods/results checked,"User-supplied original checked, PDF 2–5. Leaf extract IC50/IC95 102/369 ppm; dillapiole 38/122 ppm. Five-week acid-PDA growth assay, five repetitions/treatment; fitted estimates, no confidence intervals supplied."
napal2015,Screening of native plants from central Argentina against the leaf-cutting ant Acromyrmex lundi (Guérin) and its symbiotic fungus,G. D. Napal; L. Buffa; L. Nolli; M. T. Defagó; Graciela Valladares; M. Carpinella; G. Ruiz; S. M. Palacios,2015,English,Journal article,10.1016/J.INDCROP.2015.07.001,https://doi.org/10.1016/J.INDCROP.2015.07.001,sources/napal2015.pdf,Original full text: relevant methods/results checked,"89-species paired extract screen. Tables 1–2 visually checked, PDF pp.3–4. One laboratory colony; morphological fungal identification."
hubbell1983,An antifungal terpenoid defends a neotropical tree (Hymenaea) against attack by fungus-growing ants (Atta),S. Hubbell; D. Wiemer; A. Adejare,1983,English,Journal article,10.1007/BF00376846,https://doi.org/10.1007/BF00376846,sources/hubbell1983.pdf,Original full text: relevant methods/results checked,"PDF 3,5: caryophyllene epoxide caused collapse/browning within 48 h in 8/10 cultures at 100 µg/mL, 10/10 at 3 mg/mL, 5/5 at 30 mg/mL. Damage counts are not percent growth inhibition. Ten healthy controls; recovery attempt unsuccessful but authors leave killing unresolved."
howard1988terpenoids,Toxicity of terpenoid deterrents to the leafcutting ant Atta cephalotes and its mutualistic fungus,J. J. Howard; J. Cazin; D. Wiemer,1988,English,Journal article,10.1007/BF01022531,https://doi.org/10.1007/BF01022531,sources/howard1988terpenoids.pdf,Original full text: relevant methods/results checked,"S2 year 2005 corrected to 1988. PDF 3 plant origins; PDF 5 methods; PDF 7 Table 1: four terpenoids at two concentrations, ordinal growth scores at day 7. Kolavenol deters ants but gives no fungal inhibition. Source spells Vismia as Vismea; original isolation references are separate from this assay."
howard1987,"Leafcutting Ant Diet Selection: The Role of Nutrients, Water, and Secondary Chemistry",J. J. Howard,1987,English,Journal article,10.2307/1938455,https://doi.org/10.2307/1938455,sources/howard1987_supplement.pdf,Original abstract checked; full methods not checked,"Local file is the original 23-page SUPPLEMENT, not the article, recovered from publisher Figshare, DOI 10.6084/m9.figshare.3521624.v1; chemistry and palatability for 50 woody species. Not fully transcribed."
hubbell1984,Chemical Leaf Repellency to an Attine Ant: Seasonal Distribution Among Potential Host Plant Species,S. Hubbell; J. J. Howard; D. Wiemer,1984,English,Journal article,10.2307/1938314,https://scholarworks.uno.edu/biosciences_facpubs/16/,,Original abstract checked; full methods not checked,42-species chemical repellency screen; direct PDF returned 403. Do not label every repellent plant antifungal.
howard1988choice,Leafcutting and Diet Selection: Relative Influence of Leaf Chemistry and Physical Features,J. J. Howard,1988,English,Journal article,10.2307/1943180,https://doi.org/10.2307/1943180,,Original abstract checked; full methods not checked,Indexed title contains a transcription error; correct title: Leafcutting Ant Diet Selection: Relative Influence of Leaf Chemistry and Physical Features.
wirth2003,Host Plant Selection,R. Wirth; H. Herz; R. Ryel; W. Beyschlag; B. Hölldobler,2003,English,Journal article,10.1007/978-3-662-05259-4_10,https://doi.org/10.1007/978-3-662-05259-4_10,,Discovery lead: original results require validation,Book chapter; local notes contain an 85-taxon Table 11/Table 15 comparison for one BCI colony. Original book tables not independently rechecked here.
rockwood1976,Plant Selection and Foraging Patterns in Two Species of Leaf‐Cutting Ants (Atta),L. Rockwood,1976,English,Journal article,10.2307/1936397,https://doi.org/10.2307/1936397,,Original abstract checked; full methods not checked,
lapointe1996,Resistance to Leafcutter Ants (Hymenoptera: Formicidae) and Inhibition of Their Fungal Symbiont by Tropical Forage Grasses,S. Lapointe; M. S. Serrano; I. Corrales,1996,English,Journal article,10.1093/JEE/89.3.757,https://doi.org/10.1093/JEE/89.3.757,sources/lapointe1996.pdf,Original full text: relevant methods/results checked,"PDF 3,5–7 checked: clarified leaf homogenates from 500 g leaves+500 mL water;100/50/1% dilutions, not recovered-extract concentrations. Two-isolate comparison (one per ant species), then five-cultivar comparison in A.landolti. Three plates/condition. No active molecule identified; raw curves not digitized."
castellani2009,Growth of the Symbiotic Fungus of the Grass-cutting Ant Atta capiguara (Hymenoptera: Formicidae): Effect of Grass Extracts,M. Castellani; L. C. Forti; R. C. Fenille; C. G. Raetano; A. Moreira; A. Andrade; R. Camargo; R. Lemos; A. Aguiar; N. S. Nagamoto,2009,English,Journal article,,https://repositorio.unesp.br/entities/publication/387fbb1f-2733-4333-97cc-11e7605012f9,,Original abstract checked; full methods not checked,University abstract read. Brachiaria brizantha detrimental; three other grasses neutral; sugarcane outcome pH-dependent.
bigi2004,Activity of Ricinus communis (Euphorbiaceae) and ricinine against the leaf-cutting ant Atta sexdens rubropilosa (Hymenoptera: Formicidae) and the symbiotic fungus Leucoagaricus gongylophorus.,M. Bigi; Vera L. V. Torkomian; S. de Groote; M. A. Hebling; O. Bueno; F. C. Pagnocca; J. Fernandes; P. Vieira; M. G. da Silva,2004,English,Journal article,10.1002/PS.892,https://doi.org/10.1002/PS.892,sources/bigi2004.pdf,Original full text: relevant methods/results checked,"PDF 2–4 checked. Tables 1–2 report remaining growth, not inhibition: active fractions leave 20% growth at 0.5–1 mg/mL. MFHE-9 contains fatty acids plus glycosylsteroids; no individual fatty acid proven causal. Ricinine 1 mg/mL is a context-interpreted null in malformed prose, not a quantified table result. Several identified molecules were explicitly not tested."
sesame1990,Toxicity of sesame extracts to the symbiotic fungus of leaf-cutting ants,F. C. Pagnocca; Osvaldo Aulino da Silva; Maria Jose Hebling-Beraldo; O. Bueno; J. Fernandes; P. Vieira,1990,English,Journal article,10.1017/S0007485300050550,https://doi.org/10.1017/S0007485300050550,sources/sesame1990.pdf,Original full text: relevant methods/results checked,"Unknown Title PDF identified as1990 sesame paper. PDF 2 Tables 1–2 doses are DRY-PLANT equivalents, not extract mass. Chloroform/methanol leaves leave 40% growth at 60 mg dry-leaf-equivalent/mL; aqueous extract stimulates growth. Sesamin/sesamine not detected in leaves; active compounds not isolated."
sesame1998,Activity of sesame leaf extracts against the symbiotic fungus of Atta sexdens L,S. B. Ribeiro; F. C. Pagnocca; S. R. Victor; O. Bueno; M. A. Hebling; M. Bacci; O. A. Silva; João Batista Fernandes; P. Vieira; M. F. G. F. Silva,1998,English,Journal article,10.1590/S0301-80591998000300010,https://doi.org/10.1590/S0301-80591998000300010,,Indexed abstract checked; original full text pending,"Fatty-acid mixtures, concentration-dependent inhibition; fractionation reduced activity."
bicalho2012,"Evaluation of the Toxicity of Virola sebifera Crude Extracts, Fractions and Isolated Compounds on the Nest of Leaf-Cutting Ants",K. Bicalho; A. Terezan; D. Martins; T. Freitas; J. Fernandes; Maria Fátima das Graças Fernandes da Silva; P. Vieira; F. C. Pagnocca; O. Bueno,2012,English,Journal article,10.1155/2012/785424,https://doi.org/10.1155/2012/785424,,Indexed abstract checked; linked thesis results checked,Related Bicalho 2011 thesis supplies the numerical lignan assays; not independent replication.
carlos2018,Virola sebifera Aubl. (Myristicaceae) leaf chemical composition and implications on leaf-cutter ant foraging choice,A. A. Carlos; Karla Silva Malaquias; Rafael C. Consolmagno; A. Sarria; J. Fernandes; O. Bueno,2018,English,Journal article,10.1007/s11829-017-9582-9,https://doi.org/10.1007/s11829-017-9582-9,sources/carlos2018.pdf,Original full text: relevant methods/results checked,Leaf age and trichome manipulation affect Virola acceptance; not universally rejected.
godoy2005,Inhibition of the symbiotic fungus of leaf-cutting ants by coumarins,Marizete F. P. Godoy; S. R. Victor; A. Bellini; Gisleine Guerreiro; W. Rocha; O. Bueno; M. A. Hebling; M. Bacci; M. Silva; P. Vieira; João Batista Fernandes; F. C. Pagnocca,2005,English,Journal article,10.1590/S0103-50532005000400031,https://doi.org/10.1590/S0103-50532005000400031,sources/coumarins2005.pdf,Original full text: relevant methods/results checked,PDF p.2 identifies plant organs and compounds; p.3 Table 1 has assay results. Xanthyletin differs from xanthoxyletin.
biavatti2002,Biological Activity of Quinoline Alkaloids from Raulinoa echinata and X-ray Structure of Flindersiamine,"Biavatti, M. W.; et al.",2002,English,Journal article,10.1590/S0103-50532002000100010,https://doi.org/10.1590/S0103-50532002000100010,sources/raulinoa2002.pdf,Original full text: relevant methods/results checked,Table 1 uses µg/mL; discussion has mg/mL typo. Kokusaginine is spelled Kokusagine in table.
almeida2007,Toxicity of Substances Isolated from Helietta puberula RE Fr. (Rutaceae) to the Leaf-cutting Ant Atta sexdens L. (Hymenoptera: Formicidae) and the Symbiotic Fungus Leucoagaricus gongylophorus (Singer) Möller,Roberta N. A. Almeida; M. Peñaflor; S. Y. Simote; O. Bueno; M. A. Hebling; F. C. Pagnocca; J. Fernandes; P. Vieira; M. F. G. F. Silva,2007,English,Journal article,10.14295/BA.V2.0.53,https://doi.org/10.14295/BA.V2.0.53,sources/helietta2007.pdf,Original full text: relevant methods/results checked,PDF explicitly published 22 February 2007; current web metadata says 2009. Methods say 50 µg/mL molecules; Table 1 says 100 µg/mL. Preserve dose conflict.
penaflor2009,Toxicidade de Substâncias Isoladas de Simarouba versicolor St. Hil. (Simaroubaceae) para Formigas Cortadeiras Atta sexdens L. (Hymenoptera: Formicidae) e para o seu Fungo Simbionte Leucoagaricus gongylophorus (Singer) Möller,M. F. G. V. Peñaflor; R. Almeida; S. Y. Simote; Erica Yamane; O. C. Bueno; M. J. A. Hebling; J. B. Fernandes; P. C. Vieira; Maria Fátima das Garças Fernandes da Silva; F. C. Pagnocca,2009,English; Portuguese title/abstract,Journal article,10.14295/BA.V4.0.24,https://doi.org/10.14295/BA.V4.0.24,sources/simarouba2009.pdf,Original full text: relevant methods/results checked,"Methods/table conflict: isolated compounds 50 vs 100 µg/mL, fractions 200 vs 300 µg/mL. Tables 1–2 read."
souza2005,A New Imidazole Alkaloid and Other Constituents from Pilocarpus grandiflorus and their Antifungal Activity,Rejane C. de Souza; João Batista Fernandes; P. Vieira; M. D. da Silva; Marizete F. P. Godoy; F. C. Pagnocca; O. Bueno; M. A. Hebling; J. Pirani,2005,English,Journal article,10.1515/znb-2005-0715,https://doi.org/10.1515/znb-2005-0715,sources/souza2005.pdf,Original full text: relevant methods/results checked,PDF 3 Table 3 checked:11 compounds plus DCM stem extract. Vanillic acid/syringaldehyde/platydesmine80% at 50 µg/mL; six tabulated compound nulls. New imidazole compound 1 not in activity table. Method refers to Pagnocca1990; related Godoy thesis may overlap.
terezan2010,Activities of Extracts and Compounds from Spiranthera odoratissima St. Hil. (Rutaceae) in Leaf-cutting Ants and their Symbiotic Fungus,"Terezan, A. P.; et al.",2010,English,Journal article,10.1590/S0103-50532010000500016,https://doi.org/10.1590/S0103-50532010000500016,,Discovery lead: original results require validation,Original related 2007 doctoral thesis retrieved and checked; paper not counted as independent replication.
boulogne2012,Acromyrmex octospinosus (Hymenoptera: Formicidae) Management: Effects of TRAMILs Fungicidal Plant Extracts,I. Boulogne; H. Ozier-Lafontaine; L. Germosén-Robineau; L. Desfontaines; G. Loranger-Merciris,2012,English,Journal article,10.1603/EC11313,https://doi.org/10.1603/EC11313,sources/boulogne2012.pdf,Original full text: relevant methods/results checked,"Supplied original PDF 2–5 checked. Freeze-dried plant parts; three concentrations 500/1000/2000 µg/mL, solid area/liquid biomass and MTT. Table 3 IC50/IC99 with CIs verified; some estimates extrapolated. Fit does not explicitly separate solid/liquid endpoints. MTT is a metabolic proxy, not a recovery assay."
morais2015,"Extracts of Ageratum conyzoides, Coriandrum sativum and Mentha piperita inhibit the growth of the symbiotic fungus of leaf-cutting ants","Morais, W. C. C.; Lima, M. A. P.; Zanuncio, J. C.; Oliveira, M. A.; Bragança, M. A. L.; Serrão, J. E.; Della Lucia, T. M. C.",2015,English,Journal article,10.1016/J.INDCROP.2014.10.054,https://doi.org/10.1016/j.indcrop.2014.10.054,,Original article abstract checked; related original 2012 thesis fungal chapter checked,"UFV article repository lists PDF but download leads to login; publisher full text not retrieved. Original2012 thesis chapter 2 has same 81/93/100,23/27/100,96/99/100% results. Thesis describes25/50/100 mg/mL STOCK plus1 mL into9 mL medium: nominal final2.5/5/10 mg/mL. Hold quantitative potency pooling until article or author resolves dose basis. Coriander low-dose effects not significant; assays likely overlap."
lobo2016,Effects of Capsicum baccatum and C. frutescens against Atta cephalotes and the symbiotic fungus Leucoagaricus gongylophorus,"Lobo-Echeverri, T.; Salazar, L. C.; Hernández, A.; Ortiz-Reyes, A.",2016,English; Spanish title/abstract,Journal article,10.25100/socolen.v42i2.6684,https://revistacolombianaentomologia.univalle.edu.co/index.php/SOCOLEN/article/view/6684,,Original abstract checked; full methods not checked,Original journal record and PDF first page checked. Do not equate leaf extract with fruit capsaicin.
lobo2020papaya,Inhibition of Leucoagaricus gongylophorus with Carica papaya: an alternative to control the leaf-cutter ant Acromyrmex octospinosus,Tatiana Lobo-Echeverri; Víctor Galindo; Pilar Aubad; A. Ortiz-Reyes; L. Preciado; Mauricio Sánchez; J. Jiménez; O. Thomas,2020,English,Journal article,10.1080/09670874.2019.1610812,https://doi.org/10.1080/09670874.2019.1610812,sources/lobo2020papaya.pdf,Original full text: relevant methods/results checked,"Supplied EBSCO file identified. Leaf extracts 100% inhibition at 2.5 mg/mL; squalene 25.67%, carpaine 27.67%,1:1 mixture41.86% at labelled0.5 mg/mL. Commercial quercetin had no effect; isolated glycosides were not tested. Combination result is not formal synergy; mixture dose basis unclear. Field formulations separate from pure-compound assay."
melo2020,Synergistic effect of aromatic plant essential oils on the ant Acromyrmex balzani (Hymenoptera: Formicidae) and antifungal activity on its symbiotic fungus Leucoagaricus gongylophorus (Agaricales: Agaricaceae),Carlisson R. Melo; B. M. S. Oliveira; A. C. Santos; J. Silva; G. T. Ribeiro; A. Blank; A. P. Araújo; L. Bacci,2020,English,Journal article,10.1007/s11356-020-08170-z,https://doi.org/10.1007/s11356-020-08170-z,sources/melo2020.pdf,Original full text: relevant methods/results checked,"PDF 2,4–5,8–9 checked. Citral IC50 31.7 µL/L AIR versus289.9 µL/L MEDIUM. Myrcia isopulegol/citral chemotypes distinct; purchased/synthesized compounds distinguished from oils. A.trilobata STEM oil and several compounds null at screening limits. Contact dose conflict1400 in methods versus>1000 bound in results. Citral123.21 µL/L air prevented regrowth after transfer; ant-mixture synergy kept separate."
ferns2024,Chemical analysis and hydroalcoholic extract activity of ferns on the mutualist fungus of leafcutter ants,Isabella Rodrigues Lancellotti; F. V. Araújo; L. Rocha; Marcelo Guerra Santos,2024,English,Journal article,10.1590/2175-7860202475023,https://doi.org/10.1590/2175-7860202475023,sources/ferns2024.pdf,Original full text: relevant methods/results checked,Dry-period extracts at 5 mg/mL versus 100 µg/mL; chemical TLC profile does not establish active molecule.
infante2026,"Selection of leaves of Palicourea padifolia, Platanus mexicana and Eriobotrya japonica by Atta mexicana (Hymenoptera: Formicidae) and its influence on the growth of the mutualistic fungus Leucoagaricus gongylophorus",D. A. Infante-Rodríguez; A. C. Velázquez-Narváez; M. J. Aguilar-Méndez; Luis Javier Fuentes-Jacques; J. L. Monribot-Villanueva; J. A. Guerrero-Analco; J. Valenzuela-González,2026,English,Journal article,10.17129/botsci.3671,https://doi.org/10.17129/botsci.3671,sources/infante2026.pdf,Original full text: relevant methods/results checked,Volume 104(1):81–97. PDF says online 25 November 2026 despite acceptance September 2025; date inconsistent with access on 12 September 2026. Results also print P>0.05 alongside significant: verify.
oils2026,Selectively Targeting of Gardeners and Symbiotic Fungus in Leaf-Cutting Ant Colonies Using Essential Oils,Andressa Graebin; P. Pinheiro; K. D. Amaral; V. Santos; Tarciza F. Nascimento; Marcela V. de S. Vilela; Yenara K. M. Silva; Thais D. Marcelino; R. Guedes,2026,English,Journal article,10.3390/insects17060645,https://doi.org/10.3390/insects17060645,,Original full text: relevant methods/results checked,"Full JATS original retrieved via Europe PMC (raw/oils2026.xml), §§2.5,3.4 checked. Doses are application-solution concentrations; 100 µL spread on 10 mL agar, not uniform bulk-medium concentrations."
enforced2009,"Enforced herbivory on Canavalia ensiformis and Tithonia diversifolia and its effects on leaf‐cutting ants, Atta cephalotes",E. I. Valderrama-Eslava; J. Montoya-Lerma; C. Giraldo,2009,English,Journal article,10.1111/j.1439-0418.2009.01421.x,https://doi.org/10.1111/j.1439-0418.2009.01421.x,,Original abstract checked; full methods not checked,Enforced plant diet and garden deterioration do not isolate chemical toxicity from starvation/poor substrate.
araujo2022,The Symbiotic Fungus Leucoagaricus gongylophorus as a Target Organism to Control Leaf-Cutting Ants,"Araújo, Sean; Seibert, Janaína; Ruani, Ana; Alcántara-de la Cruz, Ricardo; Cruz, Artur; Pereira, Alana; Zandonai, Doraí; Forim, Moacir; Silva, Maria Fátima; Bueno, Odair; Fernandes, João",2022,English,Review,10.3390/insects13040359,https://pmc.ncbi.nlm.nih.gov/articles/PMC9029082/,sources/araujo2022.pdf,Full-text review used for discovery,"Supplied PDF of previously consulted open review added; first author corrected to Sean Araújo. Review is a discovery source, not a new experiment. Numerical and compound-identity claims must be checked against originals."
aredes2018,Fatores que influenciam a seletividade de plantas pela formiga-cortadeira Atta sexdens (Hymenoptera: Formicidae),"Arêdes, Anália",2018,Portuguese,Doctoral thesis,,https://uenf.br/posgraduacao/producao-vegetal/wp-content/uploads/sites/10/2019/02/TESE-final-An%C3%A1lia-Ar%C3%AAdes.pdf,sources/aredes_thesis.pdf,Original full text: relevant methods/results checked,UENF. Chapter 3.2; printed pp.42–49 / PDF pp.55–62. Gallesia lower numerically but shares Tukey letter with control in Fig.3.
bicalho2011,Estudo fitoquímico de Virola sebifera associado ao controle de formigas cortadeiras,"Bicalho, Keylla Utherdyany",2011,Portuguese,Master’s dissertation,,https://repositorio.ufscar.br/handle/20.500.14289/6502,sources/virola_thesis.pdf,Original full text: relevant methods/results checked,UFSCar. Results printed pp.133–135 / PDF pp.155–157; kusunokinin 100% at 120 µg/mL. Do not infer all flavonoids active.
godoy2003,Atividade de extratos vegetais e seus derivados sobre o crescimento do fungo simbionte de Atta sexdens L. e outros microrganismos,"Godoy, Marizete de Fátima Pimentel",2003,Portuguese,Master’s dissertation,,https://repositorio.unesp.br/server/api/core/bitstreams/26e7fe74-e052-4666-b364-2813ace6c22e/content,sources/godoy_thesis.pdf,Original full text: relevant methods/results checked,"UNESP Rio Claro, January 2003. Candidate fractions in Tables 2,4,7,9,11,15–17. Keep cultivar assays separate from antibacterial tables."
terezan2007,Estudo químico de Spiranthera odoratissima e atividades biológicas em formigueiros de Atta sexdens rubropilosa,"Terezan, Ana Paula",2007,Portuguese,Doctoral thesis,,https://repositorio.ufscar.br/server/api/core/bitstreams/4deaae0b-4c69-4081-ace3-35baa2d01880/content,sources/spiranthera_thesis.pdf,Original full text: relevant methods/results checked,"UFSCar. Methods PDF 49: 8–10 tubes plus solvent/general controls, 30 days. PDF 137–138: branch extracts 100% at 1000 µg/mL; dictamnine and gamma-fagarine 100%, skimmianine 80% at 50 µg/mL. Leaf extracts only 20%."
santos2013,Toxicidade de extratos vegetais e suas frações para Atta sexdens e seu fungo simbionte Leucoagaricus gongylophorus,"Santos, Juliana Cristina dos",2013,Portuguese,Doctoral thesis,,https://repositorio.ufla.br/handle/1/1614,sources/santos2013.pdf,Original full text: relevant methods/results checked,"UFLA, defended 1 March 2013; repository year 2014 is deposit metadata. Croton/Zanthoxylum fractions affect biomass and gongylidia differently; solvent controls matter."
boulogne2011,Évaluation du potentiel insecticide et antifongique sur Acromyrmex octospinosus (Reich) d’une sélection de plantes à usages ethnopharmacologiques TRAMIL,"Boulogne, Isabelle",2011,French,Doctoral thesis,,https://theses.fr/2011AGUY0469,sources/boulogne_thesis.pdf,Original thesis retrieved; partial inspection only,183 PDF pages. Embedded character mapping damages text extraction; numerical results need visual/OCR validation. Related to Boulogne 2012 paper.
stephan2010,Perzeption und Effekte von herbivorieinduzierten Pflanzenvolatilen auf Blattschneiderameisen und ihren symbiotischen Pilz,"Stephan, Jörg",2010,German,Diplom thesis,,https://kluedo.ub.rptu.de/files/2239/Diplomarbeit.pdf,sources/stephan2010.pdf,Original full text: relevant methods/results checked,"TU Kaiserslautern. Printed pp.45–49 / PDF 49–53. Model Phaseolus lunatus; synthetic volatile mixture and components, contamination reduced replicate counts."
nally2025,Preferencia de recolección de la hormiga cortadora de hojas Acromyrmex ambiguus por plantas nativas: bases físico-químicas y sensoriales,"Nally, María Ayelen",2025,Spanish,Doctoral thesis,,https://bibliotecadigital.exactas.uba.ar/download/tesis/tesis_n7720_Nally.pdf,sources/nally_thesis.pdf,Original thesis: cover and selected preference results checked,"UBA, defended 1 April 2025; eight native plants. Preference alone does not establish cultivar toxicity."
eafit_report,Efecto de extractos etanólicos vegetales sobre el crecimiento in vitro de Leucoagaricus gongylophorus,"Jiménez-Londoño, David; Farfán-Villanueva, Diana P.; Pinel, Nicolás",undated,Spanish,University research report/manuscript,,https://repository.eafit.edu.co/bitstreams/cc608e9d-bbe4-4b2d-99fd-4188ae3d29cc/download,sources/eafit_report.pdf,Original full text: relevant methods/results checked,20 pages; date/degree not verified. Ten plant extracts at 2% v/v; solvent itself inhibits. Tables 1–3 and methods inspected. Cannot rank dose-normalized potency.
kitamura2011,Inibição do fungo simbionte Leucoagaricus gongylophorus,"Kitamura, Rodrigo O. Saga; Terezan, A. P.; Cardoso, S. P.; et al.",2011,Portuguese,Conference abstract,,https://www.sbq.org.br/34ra/cdrom/resumos/T2230-1.pdf,sources/sbq2011.pdf,Original full text: relevant methods/results checked,"34ª Reunião Anual SBQ, T2230-1. Thyrsodium schomburgkianum and Picramnia bahiensis; assay doses not supplied on abstract."
febvay1985,Antiappétants pour la fourmi attine Acromyrmex octospinosus chez certaines espèces d’igname cultivées aux Antilles,"Febvay, Gérard; Bourgeois, Paul; Kermarrec, Alain",1985,French,Journal article,,https://hal.inrae.fr/hal-02726165,sources/febvay1986.pdf,Original full text: relevant methods/results checked,Agronomie 5(5):439–444. Saved filename is legacy; original HAL wrapper says 1985. Some indexes incorrectly say 1986. Saponin hypothesis; no isolated-cultivar proof established here.
oiano2026,In vitro growth inhibition of the leaf-cutting ants’ symbiotic fungus Leucoagaricus gongylophorus by different crude extracts,"Oiano Neto, J.; Zandonai, D. P.; Matos, C. H. C.; Fernandes, J. B.; Silva, M. F. G. F.",2026,English,Conference abstract,,https://www.alice.cnptia.embrapa.br/handle/doc/1189406,,Original institutional abstract checked,"49ª Reunião Anual SBQ p.1136. Lavender decoction fraction 86%, Pinus resin fractions 54–56%; species/doses unverified. Pycnoporus is fungal, not a plant."
carlos2013,Semioquímicos e comunicação sonora em formigas cortadeiras,"Carlos, Adriana Aparecida",2013,Portuguese,Doctoral thesis,,https://repositorio.unesp.br/items/42f09a94-f98f-4546-9c59-b30381020c4e,,Repository/catalogue discovery; full results not checked,Plant waxes and Virola/Tocoyena/Schefflera/Acalypha; retrieve chapter tables.
nobua2014,Interacciones tróficas entre dos especies simpátricas de hormigas cortadoras y el ensamble de plantas en el Monte central,"Nobua Behrmann, Beatriz E.",2014,Spanish,Doctoral thesis,,https://bibliotecadigital.exactas.uba.ar/download/tesis/tesis_n5456_NobuaBehrmann.pdf,,Repository/catalogue discovery; full results not checked,Plant availability and diet; no candidate chemistry inferred.
jimenez2019,Patrones de herbivoría y coocurrencia de hormigas cortadoras de hojas en el Bajo Delta del Río Paraná,"Jiménez, Nadia Lis",2019,Spanish,Doctoral thesis,,https://bibliotecadigital.exactas.uba.ar/collection/tesis/document/tesis_n6700_Jimenez,,Repository/catalogue discovery; full results not checked,Chapter IV plant preferences; original full results pending.
perri2015,Vegetación espontánea preferida por hormigas cortadoras en plantaciones de Salicáceas del Delta del Paraná,Perri; et al.,2015,Spanish,Conference contribution,,https://sedici.unlp.edu.ar/handle/10915/52986,,Repository/catalogue discovery; full results not checked,"Preference controls: Sonchus oleraceus, Amorpha fruticosa, Iris pseudacorus, Ligustrum sinense, Phytolacca americana."
ridley1994,Mechanisms directing host plant selection in leaf-cutting ants,"Ridley, Philip Stephen",1994,English,Doctoral thesis,,https://eprints.soton.ac.uk/458642/,,Repository/catalogue discovery; full results not checked,Southampton record; no downloadable full text available at record.
saverschek2010thesis,The influence of the symbiotic fungus on foraging decisions in leaf-cutting ants: Individual behavior and collective patterns,"Saverschek, Nicole",2010,English/German,Doctoral thesis,,https://d-nb.info/1008765759,,Repository/catalogue discovery; full results not checked,Title/author checked against indexed original PDF cover; local download failed TLS certificate validation.
melo2019,Bioatividade de óleos essenciais e seus compostos majoritários sobre formiga cortadeira e seu fungo simbionte,"Melo, Carlisson Ramos",2019,Portuguese,Doctoral thesis,,https://www.sigaa.ufs.br/sigaa/public/programa/defesas.jsf?id=876&lc=pt_BR,,Repository/catalogue discovery; full results not checked,"UFS defense catalogue, 28 February 2019. Locate dissertation file; related to 2020 paper."
sousa2019,Resposta comportamental de formigas cortadeiras a substância química inseticida e fungicida,"Sousa, Kátia Kaelly Andrade",2019,Portuguese,Master’s dissertation,,https://repositorio.unesp.br/entities/publication/a7d9a869-4a71-4e5e-bbc5-1a04b15db358,,Repository/catalogue discovery; full results not checked,Cycloheximide mechanism; not a natural-plant hit.
ribeiro_ib,Atividade formicida de IB 151239 em Atta sexdens rubropilosa,"Ribeiro, Myriam Marques Ramos",unverified,Portuguese,Doctoral thesis,,https://locus.ufv.br/bitstreams/211f91c5-b0b2-4eb3-b421-2b1a49e2e670/download,,Repository/catalogue discovery; full results not checked,Plant code IB151239 unresolved; cannot map chemicals to a named species.
leberecht2017,Cutting effort and avoidance learning of tough plants in leaf-cutting ants Acromyrmex lundii,"Leberecht, Bo",2017,English,Master’s thesis,,https://www.biozentrum.uni-wuerzburg.de/zoo2/lehre/abgeschlossene-thesen/,,Repository/catalogue discovery; full results not checked,Department catalogue only; toughness confound.
wagner2019,Chemical interactions between leaf-cutting ants and their mutualistic fungus,"Wagner-Nagy, Mathias",2019,English,Master’s thesis,,https://www.biozentrum.uni-wuerzburg.de/zoo2/lehre/abgeschlossene-thesen/,,Repository/catalogue discovery; full results not checked,Department catalogue only.
klimek2023,Unterscheiden Blattschneiderameisen zwischen verschiedenen Ernährungszuständen ihres symbiotischen Pilzes?,"Klimek, Janika",2023,German,Bachelor’s thesis,,https://www.biozentrum.uni-wuerzburg.de/zoo2/lehre/abgeschlossene-thesen/,,Repository/catalogue discovery; full results not checked,Department catalogue only; fungal nutrition/choice mechanism.
s2_017bef2448,Delayed rejection in a leaf-cutting ant after foraging on plants unsuitable for the symbiotic fungus,H. Herz; B. Hölldobler; F. Roces,2008,Not checked,Indexed literature record (type to verify),10.1093/BEHECO/ARN016,https://doi.org/10.1093/BEHECO/ARN016,,Discovery lead: original results require validation,"Retained for broader screening on plant choice, rejection, chemical defense, nutrition, physical traits, endophytes, or historical literature. Source metadata not comprehensively corrected."
s2_08fb5fa892,The effect of wilting on the selection of leaves by the leaf‐cutting ant Atta laevigata,H. Vasconcelos; J. M. Cherrett,1996,Not checked,Indexed literature record (type to verify),10.1111/j.1570-7458.1996.tb00784.x,https://doi.org/10.1111/j.1570-7458.1996.tb00784.x,,Discovery lead: original results require validation,"Retained for broader screening on plant choice, rejection, chemical defense, nutrition, physical traits, endophytes, or historical literature. Source metadata not comprehensively corrected."
s2_0935268b82,Laccase detoxification mediates the nutritional alliance between leaf-cutting ants and fungus-garden symbionts,Henrik H. De Fine Licht; M. Schiøtt; A. Rogowska-Wrzesińska; S. Nygaard; P. Roepstorff; J. Boomsma,2012,Not checked,Indexed literature record (type to verify),10.1073/pnas.1212709110,https://doi.org/10.1073/pnas.1212709110,,Discovery lead: original results require validation,"Retained for broader screening on plant choice, rejection, chemical defense, nutrition, physical traits, endophytes, or historical literature. Source metadata not comprehensively corrected."
s2_0a21b9e2e6,Communication or Toxicity: What Is the Effect of Cycloheximide on Leaf-Cutting Ant Workers?,Kátia Kaelly Andrade Sousa; Roberto da Silva Camargo; L. C. Forti,2017,Not checked,Indexed literature record (type to verify),10.3390/insects8040126,https://doi.org/10.3390/insects8040126,,Discovery lead: original results require validation,"Retained for broader screening on plant choice, rejection, chemical defense, nutrition, physical traits, endophytes, or historical literature. Source metadata not comprehensively corrected."
s2_0cb48910a7,Preferência de corte de Acromyrmex ambiguus Emery 1887 (Hymenoptera: Formicidae) por três cultivares de pessegueiro em condições de laboratório,J. Rosado; A. E. Loeck; N. Mayer; D. Freitas; Marcelo Perrone; M. G. D. Gonçalves,2012,Portuguese title; full text not checked,Indexed literature record (type to verify),,https://www.semanticscholar.org/paper/0cb48910a782df3974c318db70f2783db60f1e95,,Discovery lead: original results require validation,"Retained for broader screening on plant choice, rejection, chemical defense, nutrition, physical traits, endophytes, or historical literature. Source metadata not comprehensively corrected."
s2_103ddb3bcf,Does mining waste concentration in the soil interfere with leaf selection by Acromyrmex subterraneus (Formicidae)?,F. Nascimento; A. M. O. Toledo; M. Pimenta; C. D. Resende; P. H. P. Peixoto; Arthur Zimerer; J. Lopes,2021,Not checked,Indexed literature record (type to verify),10.1111/btp.12892,https://doi.org/10.1111/btp.12892,,Discovery lead: original results require validation,"Retained for broader screening on plant choice, rejection, chemical defense, nutrition, physical traits, endophytes, or historical literature. Source metadata not comprehensively corrected."
s2_20cc892ef0,Avoiding plants unsuitable for the symbiotic fungus: learning and long-term memory in leaf-cutting ants,N. Saverschek; H. Herz; M. Wagner; F. Roces,2010,Not checked,Indexed literature record (type to verify),10.1016/J.ANBEHAV.2009.12.021,https://doi.org/10.1016/J.ANBEHAV.2009.12.021,,Discovery lead: original results require validation,"Retained for broader screening on plant choice, rejection, chemical defense, nutrition, physical traits, endophytes, or historical literature. Source metadata not comprehensively corrected."
s2_23729b8e15,The chemical basis for the use of citrus pulp as a fungus garden substrate by the leaf-cutting ants Atta cephalotes (L.) and Acromyrmex octospinosus (Reich) (Hymenoptera: Formicidae),A. Mudd; D. Peregrine; J. M. Cherrett,1978,Not checked,Indexed literature record (type to verify),10.1017/S0007485300009639,https://doi.org/10.1017/S0007485300009639,,Discovery lead: original results require validation,"Retained for broader screening on plant choice, rejection, chemical defense, nutrition, physical traits, endophytes, or historical literature. Source metadata not comprehensively corrected."
s2_277be4a502,"From Plants to the Fungus Garden: Physical, Chemical, and Behavioral Factors Influencing Foraging in Leaf-Cutting Ants",R. S. Camargo; L. Forti; C. Matos; F. Guilherme; N. Oliveira; A. A. Moreira; J. E. Serrão; M. A. Castellani; J. C. Zanúncio; J. Portugal; T.R. MELO SOUZA; B. S. Coelho,2026,Not checked,Indexed literature record (type to verify),10.1590/1519-6984.306398,https://doi.org/10.1590/1519-6984.306398,,Discovery lead: original results require validation,"Retained for broader screening on plant choice, rejection, chemical defense, nutrition, physical traits, endophytes, or historical literature. Source metadata not comprehensively corrected."
s2_27cfab035a,"Fungal endophyte effects on leaf chemistry alter the in vitro growth rates of leaf-cutting ants' fungal mutualist, Leucocoprinus gongylophorus",C. Estrada; Enith I. Rojas; W. Wcislo; Sunshine A. Van Bael,2014,Not checked,Indexed literature record (type to verify),10.1016/J.FUNECO.2013.12.009,https://doi.org/10.1016/J.FUNECO.2013.12.009,,Discovery lead: original results require validation,"Retained for broader screening on plant choice, rejection, chemical defense, nutrition, physical traits, endophytes, or historical literature. Source metadata not comprehensively corrected."
s2_28abd82b3c,Foraging leaf-cutting ants reject plants based on the gardeners' experience,F. Roces; N. Saverschek,2014,Not checked,Indexed literature record (type to verify),,https://www.semanticscholar.org/paper/28abd82b3c0aa3b11bf5e04d10c9b3fcdd12c159,,Discovery lead: original results require validation,"Retained for broader screening on plant choice, rejection, chemical defense, nutrition, physical traits, endophytes, or historical literature. Source metadata not comprehensively corrected."
s2_292de18063,Seasonal Activity and Foraging Preferences of the Leaf-Cutting Ant Atta sexdens piriventris (Santschi) (Hymenoptera: Formicidae),A. Giesel; M. Boff; P. Boff,2013,Not checked,Indexed literature record (type to verify),10.1007/s13744-013-0160-2,https://doi.org/10.1007/s13744-013-0160-2,,Discovery lead: original results require validation,"Retained for broader screening on plant choice, rejection, chemical defense, nutrition, physical traits, endophytes, or historical literature. Source metadata not comprehensively corrected."
s2_2dc88d0787,Selective fern herbivory by leaf-cutter ants of Atta cephalotes (L.) in Brazil,R. Farias; L. Costa; I. C. L. Barros; A. F. M. Oliveira; Klaus Mehltreter,2018,Not checked,Indexed literature record (type to verify),10.1007/s40415-018-0499-z,https://doi.org/10.1007/s40415-018-0499-z,,Discovery lead: original results require validation,"Retained for broader screening on plant choice, rejection, chemical defense, nutrition, physical traits, endophytes, or historical literature. Source metadata not comprehensively corrected."
s2_30bb198c79,The role of chemical signalling in maintenance of the fungus garden by leaf-cutting ants,P. C. W. Green; P. W. Kooij,2018,Not checked,Indexed literature record (type to verify),10.1007/s00049-018-0260-x,https://doi.org/10.1007/s00049-018-0260-x,,Discovery lead: original results require validation,"Retained for broader screening on plant choice, rejection, chemical defense, nutrition, physical traits, endophytes, or historical literature. Source metadata not comprehensively corrected."
s2_30c3c8c01e,Behavioral Changes in Workers of the Leaf-Cutting Ant Atta sexdens rubropilosa Induced by Chemical Components of Eucalyptus maculata Leaves,A. L. Júnior Marsaro; R. C. Souza; T. Della Lucia; J. Fernandes; M. Silva; P. Vieira,2004,Not checked,Indexed literature record (type to verify),10.1023/B:JOEC.0000042400.14451.08,https://doi.org/10.1023/B:JOEC.0000042400.14451.08,,Discovery lead: original results require validation,"Retained for broader screening on plant choice, rejection, chemical defense, nutrition, physical traits, endophytes, or historical literature. Source metadata not comprehensively corrected."
s2_30d5ce15b2,"Leaf nutrient content and host plant selection by leaf‐cutter ants, Atta laevigata, in a Neotropical savanna",F. Mundim; A. N. Costa; H. Vasconcelos,2009,Not checked,Indexed literature record (type to verify),10.1111/j.1570-7458.2008.00789.x,https://doi.org/10.1111/j.1570-7458.2008.00789.x,,Discovery lead: original results require validation,"Retained for broader screening on plant choice, rejection, chemical defense, nutrition, physical traits, endophytes, or historical literature. Source metadata not comprehensively corrected."
s2_33ab7c3ab5,Toxicity of foliage extracts of Tithonia diversifolia (Asteraceae) on Atta cephalotes (Hymenoptera: Myrmicinae) workers,Karen Castaño-Quintana; J. Montoya-Lerma; Carolina Giraldo-Echeverri,2013,Not checked,Indexed literature record (type to verify),10.1016/J.INDCROP.2012.11.039,https://doi.org/10.1016/J.INDCROP.2012.11.039,,Discovery lead: original results require validation,"Retained for broader screening on plant choice, rejection, chemical defense, nutrition, physical traits, endophytes, or historical literature. Source metadata not comprehensively corrected."
s2_357f1dc16c,Quality control by leaf-cutting ants: evidence from communities of endophytic fungi in foraged and rejected vegetation,S. L. Rocha; Vanessa L. Jorge; T. M. C. Della Lucia; R. Barreto; H. Evans; S. Elliot,2014,Not checked,Indexed literature record (type to verify),10.1007/s11829-014-9329-9,https://doi.org/10.1007/s11829-014-9329-9,,Discovery lead: original results require validation,"Retained for broader screening on plant choice, rejection, chemical defense, nutrition, physical traits, endophytes, or historical literature. Source metadata not comprehensively corrected."
s2_3a41c43771,"Assessment of the behaviour patterns of the lemon leaf-cutting ant, Atta sexdens rubropilosa (Hymenoptera: Formicidae), to natural sources of allelochemicals",F. Sales,1994,Not checked,Indexed literature record (type to verify),10.1017/S0007485300032259,https://doi.org/10.1017/S0007485300032259,,Discovery lead: original results require validation,"Retained for broader screening on plant choice, rejection, chemical defense, nutrition, physical traits, endophytes, or historical literature. Source metadata not comprehensively corrected."
s2_3a7a1b518d,Preliminary investigations on the selection of citrus species by the leafcutting ant Acromyrmex octospinosus Reich Formicidae Attini,G. Pollard; R. Riley; Errol Wattle,1983,Not checked,Indexed literature record (type to verify),,https://www.semanticscholar.org/paper/3a7a1b518dd3672a2cf59c387ed5a9d19e2a1f30,,Discovery lead: original results require validation,Original citrus-preference study dates to 1983; indexed 2016 is not the study date. Verify full bibliographic record.
s2_3d3a21bfd5,"Physical resistance as a criterion in the selection of foraging material by Acromyrmex subterraneus brunneus Forel, 1911 (Hym., Formicidae)",R. Camargo; L. Forti; C. Matos; J. Lopes; A. P. P. Andrade,2004,Not checked,Indexed literature record (type to verify),10.1111/j.1439-0418.2004.00844.x,https://doi.org/10.1111/j.1439-0418.2004.00844.x,,Discovery lead: original results require validation,"Retained for broader screening on plant choice, rejection, chemical defense, nutrition, physical traits, endophytes, or historical literature. Source metadata not comprehensively corrected."
s2_487e89a564,Leaf-cutting ants toxicity of limonexic acid and degraded limonoids from Raulinoa echinata.: X-ray structure of epoxy-fraxinellone,M. Biavatti; Rosângela Westerlon; P. Vieira; M. Silva; João Batista Fernandes; M. Peñaflor; O. Bueno; J. Ellena,2005,Not checked,Indexed literature record (type to verify),10.1590/S0103-50532005000800025,https://doi.org/10.1590/S0103-50532005000800025,,Discovery lead: original results require validation,"Retained for broader screening on plant choice, rejection, chemical defense, nutrition, physical traits, endophytes, or historical literature. Source metadata not comprehensively corrected."
s2_4dba71731d,Electrophysiological Responses of Atta sexdens rubropilosa Workers to Essential Oils of Eucalyptus and its Chemical Composition,Luciane G. Batista-Pereira; J. Fernandes; M. Silva; P. Vieira; O. Bueno; A. Corrêa,2006,Not checked,Indexed literature record (type to verify),10.1515/znc-2006-9-1023,https://doi.org/10.1515/znc-2006-9-1023,,Discovery lead: original results require validation,"Retained for broader screening on plant choice, rejection, chemical defense, nutrition, physical traits, endophytes, or historical literature. Source metadata not comprehensively corrected."
s2_4f565cafd7,Leaf-cutting ants and avoided plants: Defences against Atta texana attack,D. A. Waller,1982,Not checked,Indexed literature record (type to verify),10.1007/BF00367966,https://doi.org/10.1007/BF00367966,,Discovery lead: original results require validation,S2 year 2004 corrected to original 1982; avoidance can reflect toughness rather than repellence.
s2_5434b92022,A Volatile Semiochemical Released by the Fungus Garden of Leaf-Cutting Ants,K. K. Sousa; G. C. Catalani; T. Gianeti; R. Camargo; N. Caldato; V. M. Ramos; L. C. Forti,2020,Not checked,Indexed literature record (type to verify),10.1653/024.103.0401,https://doi.org/10.1653/024.103.0401,,Discovery lead: original results require validation,"Retained for broader screening on plant choice, rejection, chemical defense, nutrition, physical traits, endophytes, or historical literature. Source metadata not comprehensively corrected."
s2_545ed4b079,Leaf‐cutting ant preferences for five native tropical plantation tree species growing under different light conditions,P. Folgarait; L. Dyer; R. Marquis; H. E. Braker,1996,Not checked,Indexed literature record (type to verify),10.1111/j.1570-7458.1996.tb00968.x,https://doi.org/10.1111/j.1570-7458.1996.tb00968.x,,Discovery lead: original results require validation,"Retained for broader screening on plant choice, rejection, chemical defense, nutrition, physical traits, endophytes, or historical literature. Source metadata not comprehensively corrected."
s2_5778055e9c,"Chemical Ecology of Host Plant Selection by the Leaf-Cutting Ant, Atta cephalotes",J. J. Howard; D. Wiemer,2019,Not checked,Indexed literature record (type to verify),10.1201/9780429038266-22,https://doi.org/10.1201/9780429038266-22,,Discovery lead: original results require validation,2019 electronic edition/reprint. Original Howard & Wiemer book chapter is 1986; do not count as a new experiment.
s2_5a56997c2f,"Influence of biotic, chemical and mechanical plant defenses on the foraging pattern of the leaf-cutter ant ( Acromyrmex striatus ) in a subtropical forest",P. Folgarait; A. G. F. Brener; J. Protomastro,1994,Not checked,Indexed literature record (type to verify),,https://www.semanticscholar.org/paper/5a56997c2f9a2b854089c108e175e873b6ed7dc9,,Discovery lead: original results require validation,"Retained for broader screening on plant choice, rejection, chemical defense, nutrition, physical traits, endophytes, or historical literature. Source metadata not comprehensively corrected."
s2_5a95f3e97b,Avoidance of plants unsuitable for the symbiotic fungus in leaf-cutting ants: Learning can take place entirely at the colony dump,A. Arenas; F. Roces,2017,Not checked,Indexed literature record (type to verify),10.1371/journal.pone.0171388,https://doi.org/10.1371/journal.pone.0171388,,Discovery lead: original results require validation,"Retained for broader screening on plant choice, rejection, chemical defense, nutrition, physical traits, endophytes, or historical literature. Source metadata not comprehensively corrected."
s2_5e47ee6c34,Exposure to creosote bush phenolic resin causes avoidance in the leaf-cutting ant Acromyrmex lobicornis (Formicidae: Attini),A. Medina; A. Mangione; Matías García,2012,Not checked,Indexed literature record (type to verify),10.4067/S0716-078X2012000200007,https://doi.org/10.4067/S0716-078X2012000200007,,Discovery lead: original results require validation,"Retained for broader screening on plant choice, rejection, chemical defense, nutrition, physical traits, endophytes, or historical literature. Source metadata not comprehensively corrected."
s2_64c1df6e68,Aversive learning as a behavioural mechanism of plant selection in the leaf-cutting ant Atta sexdens (Hymeno,Jonathan Rodríguez,,Not checked,Indexed literature record (type to verify),,https://www.semanticscholar.org/paper/64c1df6e68c8665a1e02503ae4830a135849069c,,Discovery lead: original results require validation,"Retained for broader screening on plant choice, rejection, chemical defense, nutrition, physical traits, endophytes, or historical literature. Source metadata not comprehensively corrected."
s2_684ffebf51,Infidelity of leafcutting ants to host plants: resource heterogeneity or defense induction?,J. J. Howard,1990,Not checked,Indexed literature record (type to verify),10.1007/BF00317488,https://doi.org/10.1007/BF00317488,,Discovery lead: original results require validation,"Retained for broader screening on plant choice, rejection, chemical defense, nutrition, physical traits, endophytes, or historical literature. Source metadata not comprehensively corrected."
s2_7007c43769,Foraging Leaf-Cutting Ants Learn to Reject Vitis vinifera ssp. vinifera Plants that Emit Herbivore-Induced Volatiles,T. Thiele; Christian Kost; F. Roces; R. Wirth,2014,Not checked,Indexed literature record (type to verify),10.1007/s10886-014-0460-y,https://doi.org/10.1007/s10886-014-0460-y,,Discovery lead: original results require validation,"Retained for broader screening on plant choice, rejection, chemical defense, nutrition, physical traits, endophytes, or historical literature. Source metadata not comprehensively corrected."
s2_70e01d24d5,From Plants to Ants: Fungal Modification of Leaf Lipids for Nutrition and Communication in the Leaf-Cutter Ant Fungal Garden Ecosystem,L. Khadempour; J. Kyle; B. Webb-Robertson; C. Nicora; F. Smith; Richard D. Smith; M. Lipton; C. Currie; Erin S. Baker; Kristin E. Burnum-Johnson,2020,Not checked,Indexed literature record (type to verify),10.1128/mSystems.01307-20,https://doi.org/10.1128/mSystems.01307-20,,Discovery lead: original results require validation,"Retained for broader screening on plant choice, rejection, chemical defense, nutrition, physical traits, endophytes, or historical literature. Source metadata not comprehensively corrected."
s2_7324ad4e89,Phytochemical characteristics of leaves determine foraging rate of the leaf-cutting ant Atta mexicana (Smith) (Hymenoptera: Formicidae),D. A. Infante-Rodríguez; J. Monribot-Villanueva; Klaus Mehltreter; G. Carrión; J. Lachaud; A. C. Velázquez-Narváez; Víctor Vásquez-Reyes; J. Valenzuela-González; J. A. Guerrero-Analco,2020,Not checked,Indexed literature record (type to verify),10.1007/s00049-020-00306-4,https://doi.org/10.1007/s00049-020-00306-4,,Discovery lead: original results require validation,"Retained for broader screening on plant choice, rejection, chemical defense, nutrition, physical traits, endophytes, or historical literature. Source metadata not comprehensively corrected."
s2_75eed3a16f,Do Leaf Cutting Ants Cut Undetected? Testing the Effect of Ant-Induced Plant Defences on Foraging Decisions in Atta colombica,Christian Kost; Martin Tremmel; R. Wirth,2011,Not checked,Indexed literature record (type to verify),10.1371/journal.pone.0022340,https://doi.org/10.1371/journal.pone.0022340,,Discovery lead: original results require validation,"Retained for broader screening on plant choice, rejection, chemical defense, nutrition, physical traits, endophytes, or historical literature. Source metadata not comprehensively corrected."
s2_7d393f3413,Field colonies of leaf‐cutting ants select plant materials containing low abundances of endophytic fungi,Kyle E. Coblentz; Sunshine A. Van Bael,2013,Not checked,Indexed literature record (type to verify),10.1890/ES13-00012.1,https://doi.org/10.1890/ES13-00012.1,,Discovery lead: original results require validation,"Retained for broader screening on plant choice, rejection, chemical defense, nutrition, physical traits, endophytes, or historical literature. Source metadata not comprehensively corrected."
s2_84c804eee5,Foraging preference of Atta cephalotes (Hymenoptera: Formicidae),L. Klein,2016,Not checked,Indexed literature record (type to verify),,https://www.semanticscholar.org/paper/84c804eee54657da976b9e47f80e8fbf20116423,,Discovery lead: original results require validation,"Retained for broader screening on plant choice, rejection, chemical defense, nutrition, physical traits, endophytes, or historical literature. Source metadata not comprehensively corrected."
s2_8dc0c867db,The Effect of nest Size and Species Identity on Plant Selection in Acromyrmex Leaf-Cutting Ants,L. Jofré; A. Medina; A. Farji-Brener; M. Moglia,2018,Not checked,Indexed literature record (type to verify),10.13102/SOCIOBIOLOGY.V65I3.3263,https://doi.org/10.13102/SOCIOBIOLOGY.V65I3.3263,,Discovery lead: original results require validation,"Retained for broader screening on plant choice, rejection, chemical defense, nutrition, physical traits, endophytes, or historical literature. Source metadata not comprehensively corrected."
s2_9151464ace,ESTUDO FITOQUÍMICO DE Anacardium humile ASSOCIADO AO CONTROLE DE FORMIGAS CORTADEIRAS Atta sexdens rubropilosa,Fernandes Martins Nicolas,2011,Portuguese title; full text not checked,Indexed literature record (type to verify),,https://www.semanticscholar.org/paper/9151464acede0c1601e37c64a766eda94d3023c3,,Discovery lead: original results require validation,"Retained for broader screening on plant choice, rejection, chemical defense, nutrition, physical traits, endophytes, or historical literature. Source metadata not comprehensively corrected."
s2_91b153c2bb,"Host-plant selection, diet diversity, and optimal foraging in a tropical leafcutting ant",L. Rockwood; Stephen P. Hubbell,1987,Not checked,Indexed literature record (type to verify),10.1007/BF00377345,https://doi.org/10.1007/BF00377345,,Discovery lead: original results require validation,"Retained for broader screening on plant choice, rejection, chemical defense, nutrition, physical traits, endophytes, or historical literature. Source metadata not comprehensively corrected."
s2_95f426aaf3,Defence mechanisms in young and old leaves against cutting by the leaf-cutting ants Atta cephalotes (L.) and Acromyrmex octospinosus (Reich) (Hymenoptera: Formicidae),M. Littledyke; J. M. Cherrett,1978,Not checked,Indexed literature record (type to verify),10.1017/S0007485300007343,https://doi.org/10.1017/S0007485300007343,,Discovery lead: original results require validation,"Retained for broader screening on plant choice, rejection, chemical defense, nutrition, physical traits, endophytes, or historical literature. Source metadata not comprehensively corrected."
s2_9628ad0e5f,"Condensed tannins, attine ants, and the performance of a symbiotic fungus",C. Nichols-orians,1991,Not checked,Indexed literature record (type to verify),10.1007/BF01402942,https://doi.org/10.1007/BF01402942,,Discovery lead: original results require validation,"Retained for broader screening on plant choice, rejection, chemical defense, nutrition, physical traits, endophytes, or historical literature. Source metadata not comprehensively corrected."
s2_96db2045da,Sustainable Management of Acromyrmex octospinosus (Reich): How Botanical Insecticides and Fungicides Should Promote an Ecofriendly Control Strategy.,I. Boulogne; Lucienne Desfontaine; H. Ozier-Lafontaine; G. Loranger-Merciris,2018,Not checked,Indexed literature record (type to verify),10.13102/SOCIOBIOLOGY.V65I3.1640,https://doi.org/10.13102/SOCIOBIOLOGY.V65I3.1640,,Discovery lead: original results require validation,"Retained for broader screening on plant choice, rejection, chemical defense, nutrition, physical traits, endophytes, or historical literature. Source metadata not comprehensively corrected."
s2_9b02954344,Selecting the drought stressed: effects of plant stress on intraspecific and within‐plant herbivory patterns of the leaf‐cutting ant Atta colombica,S. Meyer; F. Roces; R. Wirth,2006,Not checked,Indexed literature record (type to verify),10.1111/J.1365-2435.2006.01178.X,https://doi.org/10.1111/J.1365-2435.2006.01178.X,,Discovery lead: original results require validation,"Retained for broader screening on plant choice, rejection, chemical defense, nutrition, physical traits, endophytes, or historical literature. Source metadata not comprehensively corrected."
s2_a07264e69b,"Differentiation in Selection of Dicots and Grasses by the Leaf-Cutter Ants Atta capiguara, Atta laevigata and Atta sexdens rubropilosa",N. S. Nagamoto; A. A. Carlos; Sinara Maria Moreira; S. S. Verza; G. L. Hirose; L. C. Forti,2009,Not checked,Indexed literature record (type to verify),,https://www.semanticscholar.org/paper/a07264e69ba5262c6b8f8d086dae616154327aa4,,Discovery lead: original results require validation,"Retained for broader screening on plant choice, rejection, chemical defense, nutrition, physical traits, endophytes, or historical literature. Source metadata not comprehensively corrected."
s2_a3a4e58cb9,Why are leaf‐cutting ants more common in early secondary forests than in old‐growth tropical forests? An evaluation of the palatable forage hypothesis,A. Farji-Brener,2001,Not checked,Indexed literature record (type to verify),10.1034/J.1600-0706.2001.920120.X,https://doi.org/10.1034/J.1600-0706.2001.920120.X,,Discovery lead: original results require validation,"Retained for broader screening on plant choice, rejection, chemical defense, nutrition, physical traits, endophytes, or historical literature. Source metadata not comprehensively corrected."
s2_a7c567b020,"Chemical Deterrency of Citrus reticulata (Blanco) to the Leaf-Cutting ant, Acromyrmex octospinosus (Reich)",V. Jones; G. Pollard; C. Seaforth,1987,Not checked,Indexed literature record (type to verify),10.1017/S1742758400007050,https://doi.org/10.1017/S1742758400007050,,Discovery lead: original results require validation,"Retained for broader screening on plant choice, rejection, chemical defense, nutrition, physical traits, endophytes, or historical literature. Source metadata not comprehensively corrected."
s2_aa2a344d39,Chemical defenses in the tree Ziziphus mistol against the leaf-cutting ant Acromyrmex striatus,J. P. Pelotto; Maria D. P. Martinez,2002,Not checked,Indexed literature record (type to verify),,https://www.semanticscholar.org/paper/aa2a344d39fae225ca8d901ad0c98702cf4e04a7,,Discovery lead: original results require validation,"Retained for broader screening on plant choice, rejection, chemical defense, nutrition, physical traits, endophytes, or historical literature. Source metadata not comprehensively corrected."
s2_ab45fe8dde,Effect of constituents of the foliar wax of Didymopanax vinosum on the foraging activity of the leaf‐cutting ant Atta sexdens rubropilosa,A. Salatino; Regina L. Sugayama; G. Negri; W. Vilegas,1998,Not checked,Indexed literature record (type to verify),10.1046/j.1570-7458.1998.00288.x,https://doi.org/10.1046/j.1570-7458.1998.00288.x,,Discovery lead: original results require validation,"Retained for broader screening on plant choice, rejection, chemical defense, nutrition, physical traits, endophytes, or historical literature. Source metadata not comprehensively corrected."
s2_acab8b276e,"Interactions between leafcutting ants, endophytic fungi and plants",S. L. Rocha,2011,Not checked,Indexed literature record (type to verify),,https://www.semanticscholar.org/paper/acab8b276e3b9d19a0578913c4ac641daa48bfae,,Discovery lead: original results require validation,"Retained for broader screening on plant choice, rejection, chemical defense, nutrition, physical traits, endophytes, or historical literature. Source metadata not comprehensively corrected."
s2_b09898e2e9,Two fungal symbioses collide: endophytic fungi are not welcome in leaf-cutting ant gardens,Sunshine A. Van Bael; H. Fernández‐Marín; M. C. Valencia; Enith I. Rojas; W. Wcislo; E. Herre,2009,Not checked,Indexed literature record (type to verify),10.1098/rspb.2009.0196,https://doi.org/10.1098/rspb.2009.0196,,Discovery lead: original results require validation,"Retained for broader screening on plant choice, rejection, chemical defense, nutrition, physical traits, endophytes, or historical literature. Source metadata not comprehensively corrected."
s2_b665e7c054,"Variability in the selection of substrate by the leaf-cutting ants atta cephalotes (L.) and acromyrmex octospinosus (Reich) (Formicidae, Attini)",M. Littledyke; J. M. Cherrett,1975,Not checked,Indexed literature record (type to verify),10.1017/S0007485300005721,https://doi.org/10.1017/S0007485300005721,,Discovery lead: original results require validation,"Retained for broader screening on plant choice, rejection, chemical defense, nutrition, physical traits, endophytes, or historical literature. Source metadata not comprehensively corrected."
s2_c2f562fe49,Influence of leaf epicuticular waxes from cerrado species on substrate selection by Atta sexdens rubropilosa,Regina L. Sugayama; A. Salatino,1995,Not checked,Indexed literature record (type to verify),10.1111/j.1570-7458.1995.tb01875.x,https://doi.org/10.1111/j.1570-7458.1995.tb01875.x,,Discovery lead: original results require validation,"Retained for broader screening on plant choice, rejection, chemical defense, nutrition, physical traits, endophytes, or historical literature. Source metadata not comprehensively corrected."
s2_c99ce54bd7,Leaf-Cutting Ants (Atta cephalotes) Select Nitrogen-Rich Forage,C. Berish,1986,Not checked,Indexed literature record (type to verify),10.2307/2425863,https://doi.org/10.2307/2425863,,Discovery lead: original results require validation,"Retained for broader screening on plant choice, rejection, chemical defense, nutrition, physical traits, endophytes, or historical literature. Source metadata not comprehensively corrected."
s2_d11508e0fe,Neotyphodium endophytes in grasses: deterrents or promoters of herbivory by leaf-cutting ants?,T. M. Tibbets; S. Faeth,1999,Not checked,Indexed literature record (type to verify),10.1007/s004420050730,https://doi.org/10.1007/s004420050730,,Discovery lead: original results require validation,"Retained for broader screening on plant choice, rejection, chemical defense, nutrition, physical traits, endophytes, or historical literature. Source metadata not comprehensively corrected."
s2_dd321c935f,Recognition of endophytic Trichoderma species by leaf-cutting ants and their potential in a Trojan-horse management strategy,S. L. Rocha; H. Evans; Vanessa L. Jorge; L. A. O. Cardoso; F. B. S. Pereira; F. B. Rocha; R. Barreto; A. Hart; S. Elliot,2017,Not checked,Indexed literature record (type to verify),10.1098/rsos.160628,https://doi.org/10.1098/rsos.160628,,Discovery lead: original results require validation,"Retained for broader screening on plant choice, rejection, chemical defense, nutrition, physical traits, endophytes, or historical literature. Source metadata not comprehensively corrected."
s2_df12ba04c1,Gardeners and midden workers in leaf-cutting ants learn to avoid plants unsuitable for the fungus at their worksites,A. Arenas; F. Roces,2016,Not checked,Indexed literature record (type to verify),10.1016/J.ANBEHAV.2016.03.016,https://doi.org/10.1016/J.ANBEHAV.2016.03.016,,Discovery lead: original results require validation,"Retained for broader screening on plant choice, rejection, chemical defense, nutrition, physical traits, endophytes, or historical literature. Source metadata not comprehensively corrected."
s2_df46912e4f,Long-term avoidance memory formation is associated with a transient increase in mushroom body synaptic complexes in leaf-cutting ants,A. Falibene; F. Roces; Wolfgang Rössler,2015,Not checked,Indexed literature record (type to verify),10.3389/fnbeh.2015.00084,https://doi.org/10.3389/fnbeh.2015.00084,,Discovery lead: original results require validation,"Retained for broader screening on plant choice, rejection, chemical defense, nutrition, physical traits, endophytes, or historical literature. Source metadata not comprehensively corrected."
s2_eb65411e1d,Symbiont demand guides resource supply: leaf-cutting ants preferentially deliver their harvested fragments to undernourished fungus gardens,Daniela Römer; Gonzalo Pacheco Aguilar; Annika M. Meyer; F. Roces,2022,Not checked,Indexed literature record (type to verify),10.1007/s00114-022-01797-7,https://doi.org/10.1007/s00114-022-01797-7,,Discovery lead: original results require validation,"Retained for broader screening on plant choice, rejection, chemical defense, nutrition, physical traits, endophytes, or historical literature. Source metadata not comprehensively corrected."
s2_ec14495df9,Endophytic fungi reduce leaf-cutting ant damage to seedlings,L. Bittleston; F. Brockmann; W. Wcislo; S. V. Van Bael,2011,Not checked,Indexed literature record (type to verify),10.1098/rsbl.2010.0456,https://doi.org/10.1098/rsbl.2010.0456,,Discovery lead: original results require validation,"Retained for broader screening on plant choice, rejection, chemical defense, nutrition, physical traits, endophytes, or historical literature. Source metadata not comprehensively corrected."
s2_f0aab74b84,Nutritional sources of the fungus cultured by leaf-cutting ants,A. Abril; E. Bucher,2004,Not checked,Indexed literature record (type to verify),10.1016/J.APSOIL.2003.12.008,https://doi.org/10.1016/J.APSOIL.2003.12.008,,Discovery lead: original results require validation,"Retained for broader screening on plant choice, rejection, chemical defense, nutrition, physical traits, endophytes, or historical literature. Source metadata not comprehensively corrected."
s2_f7508f72d4,Leaf endophyte load influences fungal garden development in leaf-cutting ants,Sunshine A. Van Bael; C. Estrada; S. Rehner; Janette Fabiola Santos; W. Wcislo,2012,Not checked,Indexed literature record (type to verify),10.1186/1472-6785-12-23,https://doi.org/10.1186/1472-6785-12-23,,Discovery lead: original results require validation,"Retained for broader screening on plant choice, rejection, chemical defense, nutrition, physical traits, endophytes, or historical literature. Source metadata not comprehensively corrected."
s2_f875b40752,The refuse dump provides information that influences the foraging preferences of leaf‐cutting ants,A. M. Alma; A. Arenas; Patrica Carina Fernandez; M. Buteler,2024,Not checked,Indexed literature record (type to verify),10.1111/een.13380,https://doi.org/10.1111/een.13380,,Discovery lead: original results require validation,"Retained for broader screening on plant choice, rejection, chemical defense, nutrition, physical traits, endophytes, or historical literature. Source metadata not comprehensively corrected."
s2_fc97cf5d0a,Plant palatability to leaf-cutter ants (Atta laevigata) and litter decomposability in a Neotropical woodland savanna,L. V. B. Silva; H. Vasconcelos,2011,Not checked,Indexed literature record (type to verify),10.1111/J.1442-9993.2010.02169.X,https://doi.org/10.1111/J.1442-9993.2010.02169.X,,Discovery lead: original results require validation,"Retained for broader screening on plant choice, rejection, chemical defense, nutrition, physical traits, endophytes, or historical literature. Source metadata not comprehensively corrected."
s2_fdec16d5a2,"Attractivity or Repellence: Relation between the Endophytic Fungi of Acalypha, Colocasia and the Leaf-Cutting Ants—Atta sexdens",L. M. Machado; Thays Neigri da Silva; Daiane Raquel Polezel; Amanda A. de Oliveira; Manuela de O. Ramalho; F. C. Pagnocca; O. Bueno,2021,Not checked,Indexed literature record (type to verify),10.4236/AE.2021.92008,https://doi.org/10.4236/AE.2021.92008,,Discovery lead: original results require validation,"Retained for broader screening on plant choice, rejection, chemical defense, nutrition, physical traits, endophytes, or historical literature. Source metadata not comprehensively corrected."
s2_fefcc00b28,Learning through the waste: olfactory cues from the colony refuse influence plant preferences in foraging leaf-cutting ants,A. Arenas; F. Roces,2016,Not checked,Indexed literature record (type to verify),10.1242/jeb.139568,https://doi.org/10.1242/jeb.139568,,Discovery lead: original results require validation,"Retained for broader screening on plant choice, rejection, chemical defense, nutrition, physical traits, endophytes, or historical literature. Source metadata not comprehensively corrected."
s2_06d06bd7c6,Post-selection and return of foraged material by Acromyrmex subterraneus brunneus (Hymenoptera: Formicidae),Roberto da Silva Camargo; L. C. Forti; C. A. O. de Matos; J. Lopes; A. P. D. de Andrade; V. M. Ramos,2003,Not checked,Indexed literature record (type to verify),,https://www.semanticscholar.org/paper/06d06bd7c69cbcb3221586c0a99e0943f3beeda1,,Discovery lead: original results require validation,"Retained for broader screening on plant choice, rejection, chemical defense, nutrition, physical traits, endophytes, or historical literature. Source metadata not comprehensively corrected."
s2_076b9352fd,Foraging and grass selection by the grass-cutting ant Acromyrmex landolti fracticornis (Forel) (Hymenoptera: Formicidae) in habitats of introduced forage grasses in Paraguay,H. Fowler; S. W. Robinson,1977,Not checked,Indexed literature record (type to verify),10.1017/S0007485300007021,https://doi.org/10.1017/S0007485300007021,,Discovery lead: original results require validation,"Retained for broader screening on plant choice, rejection, chemical defense, nutrition, physical traits, endophytes, or historical literature. Source metadata not comprehensively corrected."
s2_2f8fb094e2,Fungus garden nutritional needs drive foraging decisions in the social symbiosis of the desert leafcutter ant Acromyrmex versicolor,,2026,Not checked,Indexed literature record (type to verify),10.1038/s41598-026-60799-x,https://doi.org/10.1038/s41598-026-60799-x,,Discovery lead: original results require validation,"Retained for broader screening on plant choice, rejection, chemical defense, nutrition, physical traits, endophytes, or historical literature. Source metadata not comprehensively corrected."
s2_5db112341a,Foraging leafcutter ants: olfactory memory underlies delayed avoidance of plants unsuitable for the symbiotic fungus,N. Saverschek; F. Roces,2011,Not checked,Indexed literature record (type to verify),10.1016/J.ANBEHAV.2011.05.015,https://doi.org/10.1016/J.ANBEHAV.2011.05.015,,Discovery lead: original results require validation,"Retained for broader screening on plant choice, rejection, chemical defense, nutrition, physical traits, endophytes, or historical literature. Source metadata not comprehensively corrected."
s2_6615b3f57a,"Preferência de corte de Eucalyptus spp. por Acromyrmex laticeps nigrosetosus Forel, 1908 (Hymenoptera: formicidae) em condições de laboratório.",A. Marsaro; Adrián J. Molina-Rugama; C. Lima; T. Della Lucia,2007,Portuguese title; full text not checked,Indexed literature record (type to verify),10.5902/198050981948,https://doi.org/10.5902/198050981948,,Discovery lead: original results require validation,"Retained for broader screening on plant choice, rejection, chemical defense, nutrition, physical traits, endophytes, or historical literature. Source metadata not comprehensively corrected."
s2_c65eaf6967,Screening for non-preference of the leaf-cutting ant Acromyrmex subterraneus subterraneus for Eucalyptus,T. M. D. Lucia; M. A. Oliveira; M. D. S. Araujo; E. Vilela,1995,Not checked,Indexed literature record (type to verify),,https://www.semanticscholar.org/paper/c65eaf6967205aa27d3b9e325de479dc16fd3c9d,,Discovery lead: original results require validation,"Retained for broader screening on plant choice, rejection, chemical defense, nutrition, physical traits, endophytes, or historical literature. Source metadata not comprehensively corrected."
s2_e13dcb4346,Foraging activity of the attine ant Acromyrmex octospinosus (Reich) (Hymenoptera: Formicidae) on resistant and susceptible yam varieties,Y. Rahbé; G. Febvay; A. Kermarrec,1988,Not checked,Indexed literature record (type to verify),10.1017/S0007485300013092,https://doi.org/10.1017/S0007485300013092,,Discovery lead: original results require validation,"Retained for broader screening on plant choice, rejection, chemical defense, nutrition, physical traits, endophytes, or historical literature. Source metadata not comprehensively corrected."
s2_ec2b53b54c,Reciprocal nutritional provisioning between leafcutter ants and their fungal cultivar mediates performance of symbiotic farming systems,Mille Bolander; Julie Elmegaard Andersen; B. Conlon; X. Arnan; A. Michelsen; J. Shik,2023,Not checked,Indexed literature record (type to verify),10.1111/1365-2435.14437,https://doi.org/10.1111/1365-2435.14437,,Discovery lead: original results require validation,"Retained for broader screening on plant choice, rejection, chemical defense, nutrition, physical traits, endophytes, or historical literature. Source metadata not comprehensively corrected."
s2_f28ed3be66,"PREFERÊNCIA DE CORTE DE Acromyrmex crassispinus (FOREL, 1909) E Acromyrmex ambiguus (EMERY, 1887) (HYMENOPTERA: FORMICIDAE) POR DIFERENTES ESPÉCIES DE EUCALIPTOS EM LABORATÓRIO",J. Rosado; A. E. Loeck; D. Freitas; Michel Gonçalves de Gonçalves; William Dröse; Uemerson Silva da Cunha; Elder Finkenauer,2014,Portuguese title; full text not checked,Indexed literature record (type to verify),10.5902/1980509816589,https://doi.org/10.5902/1980509816589,,Discovery lead: original results require validation,"Retained for broader screening on plant choice, rejection, chemical defense, nutrition, physical traits, endophytes, or historical literature. Source metadata not comprehensively corrected."
s2_06b3e2c31a,The multidimensional nutritional niche of fungus‐cultivar provisioning in free‐ranging colonies of a neotropical leafcutter ant,A. Crumière; Aidan James; Pol Lannes; S. Mallett; A. Michelsen; R. Rinnan; J. Shik,2021,Not checked,Indexed literature record (type to verify),10.1111/ele.13865,https://doi.org/10.1111/ele.13865,,Discovery lead: original results require validation,"Retained for broader screening on plant choice, rejection, chemical defense, nutrition, physical traits, endophytes, or historical literature. Source metadata not comprehensively corrected."
s2_15435bb126,Nutritional challenges of feeding a mutualist: Testing for a nutrient–toxin tradeoff in fungus‐farming leafcutter ants,A. Crumière; S. Mallett; A. Michelsen; R. Rinnan; J. Shik,2022,Not checked,Indexed literature record (type to verify),10.1002/ecy.3684,https://doi.org/10.1002/ecy.3684,,Discovery lead: original results require validation,"Retained for broader screening on plant choice, rejection, chemical defense, nutrition, physical traits, endophytes, or historical literature. Source metadata not comprehensively corrected."
s2_2db8a2ba3e,Influence of physical and chemical factors during foraging and culture of the symbiont fungus in Atta sexdens rubropilosa (Hymenoptera: Formicidae),S. S. Verza; L. C. Forti; J. Lopes; R. Camargo; C. Matos,2007,Not checked,Indexed literature record (type to verify),10.1111/j.1744-7917.2007.00155.x,https://doi.org/10.1111/j.1744-7917.2007.00155.x,,Discovery lead: original results require validation,"Retained for broader screening on plant choice, rejection, chemical defense, nutrition, physical traits, endophytes, or historical literature. Source metadata not comprehensively corrected."
s2_543e2c073d,"THE INFLUENCE OF SIZE ON FORAGING IN THE ANT, ATTA CEPHALOTES, AND THE EFFECT OF SOME PLANT DEFENCE MECHANISMS",D. J. Stradling,1978,Not checked,Indexed literature record (type to verify),10.2307/3930,https://doi.org/10.2307/3930,,Discovery lead: original results require validation,"Retained for broader screening on plant choice, rejection, chemical defense, nutrition, physical traits, endophytes, or historical literature. Source metadata not comprehensively corrected."
s2_715bc726ae,"PREFERÊNCIA DE SAÚVA LIMÃO, Atta sexdens rubropilosa Forel, 1908 (HYMENOPTERA, FORMICIDAE) A DIFERENTES ESPÉCIES FLORESTAIS, EM CONDIÇÕES DE LABORATÓRIO",O. Peres; Alberto Dorval; E. Berti,2005,Portuguese title; full text not checked,Indexed literature record (type to verify),10.5902/198050981675,https://doi.org/10.5902/198050981675,,Discovery lead: original results require validation,"Retained for broader screening on plant choice, rejection, chemical defense, nutrition, physical traits, endophytes, or historical literature. Source metadata not comprehensively corrected."
s2_8e6ec118f3,Some factors involved in the selection of vegetable substrate by Atta cephalotes (L.) (Hymenoptera: Formicidae) in tropical rain forest,J. M. Cherrett,1972,Not checked,Indexed literature record (type to verify),10.2307/3200,https://doi.org/10.2307/3200,,Discovery lead: original results require validation,"Retained for broader screening on plant choice, rejection, chemical defense, nutrition, physical traits, endophytes, or historical literature. Source metadata not comprehensively corrected."
s2_a247a3014e,Chemical Gradients of Plant Substrates in an Atta texana Fungus Garden,A. Caraballo-Rodríguez; Sara P. Puckett; Kathleen E. Kyle; D. Petráš; Ricardo da Silva; L. Nothias; Madeleine Ernst; Justin J. J. van der Hooft; A. Tripathi; Mingxun Wang; Marcy J. Balunas; J. Klassen; P. Dorrestein,2021,Not checked,Indexed literature record (type to verify),10.1128/mSystems.00601-21,https://doi.org/10.1128/mSystems.00601-21,,Discovery lead: original results require validation,"Retained for broader screening on plant choice, rejection, chemical defense, nutrition, physical traits, endophytes, or historical literature. Source metadata not comprehensively corrected."
s2_8c437dc5c9,"Preference of Atta capiguara (Hymenoptera, Formicidae) for Different Grasses",A. C. Vitório; L. C. Forti; R. Rodella; C. Costa; N. Caldato; R. T. Fujihara; Marcílio de Souza Silva,2011,Not checked,Indexed literature record (type to verify),,https://www.semanticscholar.org/paper/8c437dc5c901666d6919706929fdeaa6027c14a7,,Discovery lead: original results require validation,"Retained for broader screening on plant choice, rejection, chemical defense, nutrition, physical traits, endophytes, or historical literature. Source metadata not comprehensively corrected."
s2_b0658c1427,Interference of epicuticular wax from leaves of grasses in selection and preparation of substrate for cultivation of symbiont fungus by Atta capiguara (Hym. formicidae),Marise G. Garcia; L. C. Forti; S. S. Verza; N. C. Noronha; N. S. Nagamoto,2005,Not checked,Indexed literature record (type to verify),,https://www.semanticscholar.org/paper/b0658c1427ccf1dce837f2ad5c3a10dc93ec9934,,Discovery lead: original results require validation,"Retained for broader screening on plant choice, rejection, chemical defense, nutrition, physical traits, endophytes, or historical literature. Source metadata not comprehensively corrected."
s2_77edbb1015,Papel da interação formiga-fungo simbionte na seleção de plantas por formigas cortadeiras,Anália Arêdes; Jonathan Rodriguez; Jean Carlos dos Santos Lima; Maria Cristina Canela Gazotti; Omar Bailez; Ana Maria Viana-Bailez,2017,Portuguese title; full text not checked,Indexed literature record (type to verify),,https://www.semanticscholar.org/paper/77edbb101522388740d12e46d110a4fb0e724a34,,Discovery lead: original results require validation,"Retained for broader screening on plant choice, rejection, chemical defense, nutrition, physical traits, endophytes, or historical literature. Source metadata not comprehensively corrected."
s2_88a8554c9f,Resistência intra-específica de eucaliptos a formigas-cortadeiras.,D. Santana; L. Couto,1996,Portuguese title; full text not checked,Indexed literature record (type to verify),,https://www.semanticscholar.org/paper/88a8554c9f15f728418f76c5f8ec0b9179a1fc1f,,Discovery lead: original results require validation,"Retained for broader screening on plant choice, rejection, chemical defense, nutrition, physical traits, endophytes, or historical literature. Source metadata not comprehensively corrected."
s2_c107e2945e,Danos e preferência de forrageamento de formigas cortadeiras em vimeiros,J. Casa; M. I. C. Boff; T. D. Rech; Pedro Boff,2008,Portuguese title; full text not checked,Indexed literature record (type to verify),10.52945/rac.v21i3.869,https://doi.org/10.52945/rac.v21i3.869,,Discovery lead: original results require validation,"Retained for broader screening on plant choice, rejection, chemical defense, nutrition, physical traits, endophytes, or historical literature. Source metadata not comprehensively corrected."
s2_a9f9b8dfa3,Forage preference in two geographically co-occurring fungus gardening ants: A dietary DNA approach,Matthew Richards-Perhatch; Elizabeth D. Boshers; Matthew Greenwold; J. Seal,2025,Not checked,Indexed literature record (type to verify),10.1371/journal.pone.0336150,https://doi.org/10.1371/journal.pone.0336150,,Discovery lead: original results require validation,"Retained for broader screening on plant choice, rejection, chemical defense, nutrition, physical traits, endophytes, or historical literature. Source metadata not comprehensively corrected."
s2_0cb4a46e18,ANÁLISE DO EFEITO DE EXTRATOS NATURAIS NA INIBIÇÃO DO DESENVOLVIMENTO DO FUNGO SIMBIONTE LEUCOAGARICUS GONGYLOPHORUS PARA DETERMINAÇÃO DO POTENCIAL NA UTILIZAÇÃO COMO FORMICIDA COM BASE ECOLÓGICA,Ariane A. Tesser; T. Silva; J. A. Soares; Yana Kutcher; Talize Foppa; Leyza Paloschi de Oliveira,2014,Not checked,Indexed literature record (type to verify),10.33362/RIES.V3I1.243,https://doi.org/10.33362/RIES.V3I1.243,,Discovery lead: original results require validation,"Retained for broader screening on plant choice, rejection, chemical defense, nutrition, physical traits, endophytes, or historical literature. Source metadata not comprehensively corrected."
s2_33b22ed0d6,Extrações de óleos de sementes de citros e suas atividades sobre a formiga cortadeira Atta sexdens e seu fungo simbionte,João Batista Fernandes; Valmir David; Patrícia H. Facchini; M. D. Silva; Edson Rodrigues Filho; Paulo C. Vieira; M. S. Galhiane; F. C. Pagnocca; O. C. Bueno; M. Hebling; S. R. Victor; A. M. Santos,2002,Portuguese title; full text not checked,Indexed literature record (type to verify),10.1590/S0100-40422002000700009,https://doi.org/10.1590/S0100-40422002000700009,,Discovery lead: original results require validation,"Retained for broader screening on plant choice, rejection, chemical defense, nutrition, physical traits, endophytes, or historical literature. Source metadata not comprehensively corrected."
s2_3f43622c00,Estudo das atividades antimicrobial e inibidora de pectinases dos extratos e compostos isolados de Siphoneugena densiflora (Myrtaceae) e Vitex polygama (Lamiaceae),M. B. C. Gallo; Cinthia Zavan; R. Almeida; P. C. Vieira; João Batista Fernandes; Maria Fátima das Garças Fernandes da Silva; Maurício Bacci; F. C. Pagnocca; M. Sobral,2013,Portuguese title; full text not checked,Indexed literature record (type to verify),,https://www.semanticscholar.org/paper/3f43622c000951f4b078b133677bf32b00009918,,Discovery lead: original results require validation,"Retained for broader screening on plant choice, rejection, chemical defense, nutrition, physical traits, endophytes, or historical literature. Source metadata not comprehensively corrected."
s2_51d18c86f2,Análise de agrupamento e regressão não-linear aplicados ao crescimento in vitro de Leucoagaricus gongylophorus (Singer) Möller em meios de cultura acrescido com diferentes extratos vegetais,Marcelo Dias de Souza; O. P. Filho; Sidney Fernando Caldeira; A. Pelissari; A. Dorval,2011,Portuguese title; full text not checked,Indexed literature record (type to verify),10.5007/2175-7925.2011V24N4P85,https://doi.org/10.5007/2175-7925.2011V24N4P85,,Discovery lead: original results require validation,"Retained for broader screening on plant choice, rejection, chemical defense, nutrition, physical traits, endophytes, or historical literature. Source metadata not comprehensively corrected."
s2_8d239d7cc1,"Factors influencing the growth of Attamyces bromatificus, a symbiont of attine ants",R. J. Powell; D. J. Stradling,1986,Not checked,Indexed literature record (type to verify),10.1016/S0007-1536(86)80022-5,https://doi.org/10.1016/S0007-1536(86)80022-5,,Discovery lead: original results require validation,"Retained for broader screening on plant choice, rejection, chemical defense, nutrition, physical traits, endophytes, or historical literature. Source metadata not comprehensively corrected."
s2_58ea444d4c,ATTINE: a computerized database of leaf‐cutting ant (Atta and Acromyrmex) literature,H. G. Fowler; F. M. Schlittler; M. Schlindwein,1995,Not checked,Indexed literature record (type to verify),10.1111/J.1439-0418.1995.TB01280.X,https://doi.org/10.1111/J.1439-0418.1995.TB01280.X,,Discovery lead: original results require validation,"Retained for broader screening on plant choice, rejection, chemical defense, nutrition, physical traits, endophytes, or historical literature. Source metadata not comprehensively corrected."
s2_a0b5ea71e0,Agricultural Insects of the Paraguayan Chaco,J. L. Nickel,1958,Not checked,Indexed literature record (type to verify),10.1093/JEE/51.5.633,https://doi.org/10.1093/JEE/51.5.633,,Discovery lead: original results require validation,"Retained for broader screening on plant choice, rejection, chemical defense, nutrition, physical traits, endophytes, or historical literature. Source metadata not comprehensively corrected."
s2_2ab0e35f5d,Effect of Tithonia diversifolia Mulch on Atta cephalotes (Hymenoptera: Formicidae) Nests,Jonathan Rodríguez; J. Montoya-Lerma; Z. Calle,2015,Not checked,Indexed literature record (type to verify),10.1093/jisesa/iev015,https://doi.org/10.1093/jisesa/iev015,,Discovery lead: original results require validation,"Retained for broader screening on plant choice, rejection, chemical defense, nutrition, physical traits, endophytes, or historical literature. Source metadata not comprehensively corrected."
s2_bbdd86300e,Ricinus communis and Jatropha curcas (Euphorbiaceae) Seed Oil Toxicity Against Atta sexdens rubropilosa (Hymenoptera: Formicidae),E. Alonso; Déborah Yara Alves Cursino Santos,2013,Not checked,Indexed literature record (type to verify),10.1603/EC12035,https://doi.org/10.1603/EC12035,,Discovery lead: original results require validation,"Retained for broader screening on plant choice, rejection, chemical defense, nutrition, physical traits, endophytes, or historical literature. Source metadata not comprehensively corrected."
s2_62bf7130af,"EFECTOS DE EXTRACTOS ACETÓNICOS Y ACUOSOS DE RICINUS COMMUNIS (RICINO), MELIA AZEDARACH (PARAÍSO) Y TRICHILLIA GLAUCA (TRICHILLIA), SOBRE LA HORMIGA NEGRA COMÚN (ACROMYRMEX LUNDI)",P. Caffarini; P. Carrizo; A. Pelicano; Patricia Roggero; J. Pacheco,2008,Not checked,Indexed literature record (type to verify),10.4067/S0718-34292008000100008,https://doi.org/10.4067/S0718-34292008000100008,,Discovery lead: original results require validation,"Retained for broader screening on plant choice, rejection, chemical defense, nutrition, physical traits, endophytes, or historical literature. Source metadata not comprehensively corrected."
pagnocca1996,Toxicity of lignans to symbiotic fungus of leaf-cutting ants,"Pagnocca, F. C.; Ribeiro, S. B.; Torkomian, V. L. V.; et al.",1996,English,Journal article,10.1007/BF02266969,https://repositorio.unesp.br/entities/publication/44608eaa-b84f-4614-8e00-6f6fb9c5caf1,sources/pagnocca1996.pdf,Original full text: relevant methods/results checked,"PDF 2 source mapping: V. sebifera leaves1/2/5/6; Virola sp. leaves3/7/8; Otoba parvifolia fruits4. PDF 3 structures; PDF 4 Table 1 uses remaining growth. Sesamin70 and epigalgravin200 µg/mL: <20% growth despite prose saying complete. Episesamin and lignan 8 null; philygenol weak. Visual30–35-day assay, one donor colony."
morais2012thesis,Extratos botânicos e seus efeitos em Atta sexdens rubropilosa (Hymenoptera: Formicidae),"Morais, Wagner Calixto de Castro",2012,Portuguese,Master’s dissertation,,https://locus.ufv.br/server/api/core/bitstreams/da53d5c4-077b-4210-8036-f6bda05b963c/content,sources/morais2012thesis.pdf,Original full text: relevant methods/results checked,"UFV original downloaded openly. Chapter2 PDF 39–50; methodsPDF44–45, Table 1PDF48. Same fungal results as2015 article abstract; not independent replication. Stock-versus-final-dose ambiguity and discs nested within plates flagged. Plant compounds mentioned in discussion were not isolated/tested in this study."
