plant_as_reported,antiforaging_index,fungal_screen,antiforaging_dose,fungal_screen_dose,ant,fungus,source_id,original_url,locator,taxonomic_status
Aristolochia argentina,100,+++,100 µg/cm²,500 µg/spot,Acromyrmex lundi,L. gongylophorus,napal2015,https://doi.org/10.1016/J.INDCROP.2015.07.001,"Table 1, printed pp.277–278 / PDF pp.3–4",Name transcribed from source; not resolved to current accepted name
Flourensia oolepis,100,+,100 µg/cm²,500 µg/spot,Acromyrmex lundi,L. gongylophorus,napal2015,https://doi.org/10.1016/J.INDCROP.2015.07.001,"Table 1, printed pp.277–278 / PDF pp.3–4",Name transcribed from source; not resolved to current accepted name
Gaillardia megapotamica var. megapotamica,100,-,100 µg/cm²,500 µg/spot,Acromyrmex lundi,L. gongylophorus,napal2015,https://doi.org/10.1016/J.INDCROP.2015.07.001,"Table 1, printed pp.277–278 / PDF pp.3–4",Name transcribed from source; not resolved to current accepted name
Lantana grisebachii var. grisebachii,100,-,100 µg/cm²,500 µg/spot,Acromyrmex lundi,L. gongylophorus,napal2015,https://doi.org/10.1016/J.INDCROP.2015.07.001,"Table 1, printed pp.277–278 / PDF pp.3–4",Name transcribed from source; not resolved to current accepted name
Lithrea molleoides,100,-,100 µg/cm²,500 µg/spot,Acromyrmex lundi,L. gongylophorus,napal2015,https://doi.org/10.1016/J.INDCROP.2015.07.001,"Table 1, printed pp.277–278 / PDF pp.3–4",Name transcribed from source; not resolved to current accepted name
Cantinoa mutabilis,88.2,-,100 µg/cm²,500 µg/spot,Acromyrmex lundi,L. gongylophorus,napal2015,https://doi.org/10.1016/J.INDCROP.2015.07.001,"Table 1, printed pp.277–278 / PDF pp.3–4",Name transcribed from source; not resolved to current accepted name
Podranea ricasoliana,77,-,100 µg/cm²,500 µg/spot,Acromyrmex lundi,L. gongylophorus,napal2015,https://doi.org/10.1016/J.INDCROP.2015.07.001,"Table 1, printed pp.277–278 / PDF pp.3–4",Name transcribed from source; not resolved to current accepted name
Achyrocline satureioides,75,-,100 µg/cm²,500 µg/spot,Acromyrmex lundi,L. gongylophorus,napal2015,https://doi.org/10.1016/J.INDCROP.2015.07.001,"Table 1, printed pp.277–278 / PDF pp.3–4",Name transcribed from source; not resolved to current accepted name
Aloysia citrodora,75,-,100 µg/cm²,500 µg/spot,Acromyrmex lundi,L. gongylophorus,napal2015,https://doi.org/10.1016/J.INDCROP.2015.07.001,"Table 1, printed pp.277–278 / PDF pp.3–4",Name transcribed from source; not resolved to current accepted name
Dipsacus fullonum,75,-,100 µg/cm²,500 µg/spot,Acromyrmex lundi,L. gongylophorus,napal2015,https://doi.org/10.1016/J.INDCROP.2015.07.001,"Table 1, printed pp.277–278 / PDF pp.3–4",Name transcribed from source; not resolved to current accepted name
Lippia turbinata,75,-,100 µg/cm²,500 µg/spot,Acromyrmex lundi,L. gongylophorus,napal2015,https://doi.org/10.1016/J.INDCROP.2015.07.001,"Table 1, printed pp.277–278 / PDF pp.3–4",Name transcribed from source; not resolved to current accepted name
Monnina dictyocarpa,75,-,100 µg/cm²,500 µg/spot,Acromyrmex lundi,L. gongylophorus,napal2015,https://doi.org/10.1016/J.INDCROP.2015.07.001,"Table 1, printed pp.277–278 / PDF pp.3–4",Name transcribed from source; not resolved to current accepted name
Gomphrena pulchella,69,-,100 µg/cm²,500 µg/spot,Acromyrmex lundi,L. gongylophorus,napal2015,https://doi.org/10.1016/J.INDCROP.2015.07.001,"Table 1, printed pp.277–278 / PDF pp.3–4",Name transcribed from source; not resolved to current accepted name
Aloysia gratissima,66,-,100 µg/cm²,500 µg/spot,Acromyrmex lundi,L. gongylophorus,napal2015,https://doi.org/10.1016/J.INDCROP.2015.07.001,"Table 1, printed pp.277–278 / PDF pp.3–4",Name transcribed from source; not resolved to current accepted name
Acacia aroma,60,-,100 µg/cm²,500 µg/spot,Acromyrmex lundi,L. gongylophorus,napal2015,https://doi.org/10.1016/J.INDCROP.2015.07.001,"Table 1, printed pp.277–278 / PDF pp.3–4",Name transcribed from source; not resolved to current accepted name
Cotoneaster glaucophylla,60,-,100 µg/cm²,500 µg/spot,Acromyrmex lundi,L. gongylophorus,napal2015,https://doi.org/10.1016/J.INDCROP.2015.07.001,"Table 1, printed pp.277–278 / PDF pp.3–4",Name transcribed from source; not resolved to current accepted name
Jodina rhombifolia,60,-,100 µg/cm²,500 µg/spot,Acromyrmex lundi,L. gongylophorus,napal2015,https://doi.org/10.1016/J.INDCROP.2015.07.001,"Table 1, printed pp.277–278 / PDF pp.3–4",Name transcribed from source; not resolved to current accepted name
Ruprechtia apetala,60,-,100 µg/cm²,500 µg/spot,Acromyrmex lundi,L. gongylophorus,napal2015,https://doi.org/10.1016/J.INDCROP.2015.07.001,"Table 1, printed pp.277–278 / PDF pp.3–4",Name transcribed from source; not resolved to current accepted name
Zexmenia buphtalmiflora,60,-,100 µg/cm²,500 µg/spot,Acromyrmex lundi,L. gongylophorus,napal2015,https://doi.org/10.1016/J.INDCROP.2015.07.001,"Table 1, printed pp.277–278 / PDF pp.3–4",Name transcribed from source; not resolved to current accepted name
Pavonia aurigloba,55.5,-,100 µg/cm²,500 µg/spot,Acromyrmex lundi,L. gongylophorus,napal2015,https://doi.org/10.1016/J.INDCROP.2015.07.001,"Table 1, printed pp.277–278 / PDF pp.3–4",Name transcribed from source; not resolved to current accepted name
Acalypha communis,50,-,100 µg/cm²,500 µg/spot,Acromyrmex lundi,L. gongylophorus,napal2015,https://doi.org/10.1016/J.INDCROP.2015.07.001,"Table 1, printed pp.277–278 / PDF pp.3–4",Name transcribed from source; not resolved to current accepted name
Astragalus distinens,50,-,100 µg/cm²,500 µg/spot,Acromyrmex lundi,L. gongylophorus,napal2015,https://doi.org/10.1016/J.INDCROP.2015.07.001,"Table 1, printed pp.277–278 / PDF pp.3–4",Name transcribed from source; not resolved to current accepted name
Baccharis artemisioides,50,-,100 µg/cm²,500 µg/spot,Acromyrmex lundi,L. gongylophorus,napal2015,https://doi.org/10.1016/J.INDCROP.2015.07.001,"Table 1, printed pp.277–278 / PDF pp.3–4",Name transcribed from source; not resolved to current accepted name
Bidens pilosa,50,-,100 µg/cm²,500 µg/spot,Acromyrmex lundi,L. gongylophorus,napal2015,https://doi.org/10.1016/J.INDCROP.2015.07.001,"Table 1, printed pp.277–278 / PDF pp.3–4",Name transcribed from source; not resolved to current accepted name
Solanum palinacanthum,50,-,100 µg/cm²,500 µg/spot,Acromyrmex lundi,L. gongylophorus,napal2015,https://doi.org/10.1016/J.INDCROP.2015.07.001,"Table 1, printed pp.277–278 / PDF pp.3–4",Name transcribed from source; not resolved to current accepted name
Vernonanthura nudiflora,50,-,100 µg/cm²,500 µg/spot,Acromyrmex lundi,L. gongylophorus,napal2015,https://doi.org/10.1016/J.INDCROP.2015.07.001,"Table 1, printed pp.277–278 / PDF pp.3–4",Name transcribed from source; not resolved to current accepted name
Baccharis sessiliflora,46.7,-,100 µg/cm²,500 µg/spot,Acromyrmex lundi,L. gongylophorus,napal2015,https://doi.org/10.1016/J.INDCROP.2015.07.001,"Table 1, printed pp.277–278 / PDF pp.3–4",Name transcribed from source; not resolved to current accepted name
Verbesina encelioides,45,-,100 µg/cm²,500 µg/spot,Acromyrmex lundi,L. gongylophorus,napal2015,https://doi.org/10.1016/J.INDCROP.2015.07.001,"Table 1, printed pp.277–278 / PDF pp.3–4",Name transcribed from source; not resolved to current accepted name
Acacia atramentaria,40,-,100 µg/cm²,500 µg/spot,Acromyrmex lundi,L. gongylophorus,napal2015,https://doi.org/10.1016/J.INDCROP.2015.07.001,"Table 1, printed pp.277–278 / PDF pp.3–4",Name transcribed from source; not resolved to current accepted name
Melissa officinalis,40,-,100 µg/cm²,500 µg/spot,Acromyrmex lundi,L. gongylophorus,napal2015,https://doi.org/10.1016/J.INDCROP.2015.07.001,"Table 1, printed pp.277–278 / PDF pp.3–4",Name transcribed from source; not resolved to current accepted name
Minthostachys verticillata,37.5,-,100 µg/cm²,500 µg/spot,Acromyrmex lundi,L. gongylophorus,napal2015,https://doi.org/10.1016/J.INDCROP.2015.07.001,"Table 1, printed pp.277–278 / PDF pp.3–4",Name transcribed from source; not resolved to current accepted name
Ligaria cuneifolia,35,-,100 µg/cm²,500 µg/spot,Acromyrmex lundi,L. gongylophorus,napal2015,https://doi.org/10.1016/J.INDCROP.2015.07.001,"Table 1, printed pp.277–278 / PDF pp.3–4",Name transcribed from source; not resolved to current accepted name
Ambrosia elatior,33.3,-,100 µg/cm²,500 µg/spot,Acromyrmex lundi,L. gongylophorus,napal2015,https://doi.org/10.1016/J.INDCROP.2015.07.001,"Table 1, printed pp.277–278 / PDF pp.3–4",Name transcribed from source; not resolved to current accepted name
Anemia tomentosa,33.3,-,100 µg/cm²,500 µg/spot,Acromyrmex lundi,L. gongylophorus,napal2015,https://doi.org/10.1016/J.INDCROP.2015.07.001,"Table 1, printed pp.277–278 / PDF pp.3–4",Name transcribed from source; not resolved to current accepted name
Angelphytum aspilioides,33.3,-,100 µg/cm²,500 µg/spot,Acromyrmex lundi,L. gongylophorus,napal2015,https://doi.org/10.1016/J.INDCROP.2015.07.001,"Table 1, printed pp.277–278 / PDF pp.3–4",Name transcribed from source; not resolved to current accepted name
Baccharis salicifolia,33.3,-,100 µg/cm²,500 µg/spot,Acromyrmex lundi,L. gongylophorus,napal2015,https://doi.org/10.1016/J.INDCROP.2015.07.001,"Table 1, printed pp.277–278 / PDF pp.3–4",Name transcribed from source; not resolved to current accepted name
Lepechinia floribunda,33.3,-,100 µg/cm²,500 µg/spot,Acromyrmex lundi,L. gongylophorus,napal2015,https://doi.org/10.1016/J.INDCROP.2015.07.001,"Table 1, printed pp.277–278 / PDF pp.3–4",Name transcribed from source; not resolved to current accepted name
Solanum argentinum,33.3,-,100 µg/cm²,500 µg/spot,Acromyrmex lundi,L. gongylophorus,napal2015,https://doi.org/10.1016/J.INDCROP.2015.07.001,"Table 1, printed pp.277–278 / PDF pp.3–4",Name transcribed from source; not resolved to current accepted name
Ophryosporus charrua,33,-,100 µg/cm²,500 µg/spot,Acromyrmex lundi,L. gongylophorus,napal2015,https://doi.org/10.1016/J.INDCROP.2015.07.001,"Table 1, printed pp.277–278 / PDF pp.3–4",Name transcribed from source; not resolved to current accepted name
Lorentziantus viscidus,29,-,100 µg/cm²,500 µg/spot,Acromyrmex lundi,L. gongylophorus,napal2015,https://doi.org/10.1016/J.INDCROP.2015.07.001,"Table 1, printed pp.277–278 / PDF pp.3–4",Name transcribed from source; not resolved to current accepted name
Grindelia pulchella,25,+,100 µg/cm²,500 µg/spot,Acromyrmex lundi,L. gongylophorus,napal2015,https://doi.org/10.1016/J.INDCROP.2015.07.001,"Table 1, printed pp.277–278 / PDF pp.3–4",Name transcribed from source; not resolved to current accepted name
Cynoglossum amabile,25,-,100 µg/cm²,500 µg/spot,Acromyrmex lundi,L. gongylophorus,napal2015,https://doi.org/10.1016/J.INDCROP.2015.07.001,"Table 1, printed pp.277–278 / PDF pp.3–4",Name transcribed from source; not resolved to current accepted name
Dolichandra cynanchoides,25,-,100 µg/cm²,500 µg/spot,Acromyrmex lundi,L. gongylophorus,napal2015,https://doi.org/10.1016/J.INDCROP.2015.07.001,"Table 1, printed pp.277–278 / PDF pp.3–4",Name transcribed from source; not resolved to current accepted name
Sida rhombifolia,25,-,100 µg/cm²,500 µg/spot,Acromyrmex lundi,L. gongylophorus,napal2015,https://doi.org/10.1016/J.INDCROP.2015.07.001,"Table 1, printed pp.277–278 / PDF pp.3–4",Name transcribed from source; not resolved to current accepted name
Senecio vira-vira,23,-,100 µg/cm²,500 µg/spot,Acromyrmex lundi,L. gongylophorus,napal2015,https://doi.org/10.1016/J.INDCROP.2015.07.001,"Table 1, printed pp.277–278 / PDF pp.3–4",Name transcribed from source; not resolved to current accepted name
Amphilophium carolinae,16.7,-,100 µg/cm²,500 µg/spot,Acromyrmex lundi,L. gongylophorus,napal2015,https://doi.org/10.1016/J.INDCROP.2015.07.001,"Table 1, printed pp.277–278 / PDF pp.3–4",Name transcribed from source; not resolved to current accepted name
Kageneckia lanceolata,16.7,-,100 µg/cm²,500 µg/spot,Acromyrmex lundi,L. gongylophorus,napal2015,https://doi.org/10.1016/J.INDCROP.2015.07.001,"Table 1, printed pp.277–278 / PDF pp.3–4",Name transcribed from source; not resolved to current accepted name
Artemisia annua,14,-,100 µg/cm²,500 µg/spot,Acromyrmex lundi,L. gongylophorus,napal2015,https://doi.org/10.1016/J.INDCROP.2015.07.001,"Table 1, printed pp.277–278 / PDF pp.3–4",Name transcribed from source; not resolved to current accepted name
Porlieria microphylla,6.7,-,100 µg/cm²,500 µg/spot,Acromyrmex lundi,L. gongylophorus,napal2015,https://doi.org/10.1016/J.INDCROP.2015.07.001,"Table 1, printed pp.277–278 / PDF pp.3–4",Name transcribed from source; not resolved to current accepted name
Melinis repens,6.6,-,100 µg/cm²,500 µg/spot,Acromyrmex lundi,L. gongylophorus,napal2015,https://doi.org/10.1016/J.INDCROP.2015.07.001,"Table 1, printed pp.277–278 / PDF pp.3–4",Name transcribed from source; not resolved to current accepted name
Baccharis flabellata,0,++,100 µg/cm²,500 µg/spot,Acromyrmex lundi,L. gongylophorus,napal2015,https://doi.org/10.1016/J.INDCROP.2015.07.001,"Table 1, printed pp.277–278 / PDF pp.3–4",Name transcribed from source; not resolved to current accepted name
Dalea elegans var. elegans,0,++,100 µg/cm²,500 µg/spot,Acromyrmex lundi,L. gongylophorus,napal2015,https://doi.org/10.1016/J.INDCROP.2015.07.001,"Table 1, printed pp.277–278 / PDF pp.3–4",Name transcribed from source; not resolved to current accepted name
Baccharis coridifolia,0,+,100 µg/cm²,500 µg/spot,Acromyrmex lundi,L. gongylophorus,napal2015,https://doi.org/10.1016/J.INDCROP.2015.07.001,"Table 1, printed pp.277–278 / PDF pp.3–4",Name transcribed from source; not resolved to current accepted name
Baccharis linearifolia,0,+,100 µg/cm²,500 µg/spot,Acromyrmex lundi,L. gongylophorus,napal2015,https://doi.org/10.1016/J.INDCROP.2015.07.001,"Table 1, printed pp.277–278 / PDF pp.3–4",Name transcribed from source; not resolved to current accepted name
Trichocline reptans,0,+,100 µg/cm²,500 µg/spot,Acromyrmex lundi,L. gongylophorus,napal2015,https://doi.org/10.1016/J.INDCROP.2015.07.001,"Table 1, printed pp.277–278 / PDF pp.3–4",Name transcribed from source; not resolved to current accepted name
Argemone subfusiformis,0,-,100 µg/cm²,500 µg/spot,Acromyrmex lundi,L. gongylophorus,napal2015,https://doi.org/10.1016/J.INDCROP.2015.07.001,"Table 1, printed pp.277–278 / PDF pp.3–4",Name transcribed from source; not resolved to current accepted name
Capparis atamisquea,0,-,100 µg/cm²,500 µg/spot,Acromyrmex lundi,L. gongylophorus,napal2015,https://doi.org/10.1016/J.INDCROP.2015.07.001,"Table 1, printed pp.277–278 / PDF pp.3–4",Name transcribed from source; not resolved to current accepted name
Dysphania ambrosioides,0,-,100 µg/cm²,500 µg/spot,Acromyrmex lundi,L. gongylophorus,napal2015,https://doi.org/10.1016/J.INDCROP.2015.07.001,"Table 1, printed pp.277–278 / PDF pp.3–4",Name transcribed from source; not resolved to current accepted name
Croton lachnostachyus,0,-,100 µg/cm²,500 µg/spot,Acromyrmex lundi,L. gongylophorus,napal2015,https://doi.org/10.1016/J.INDCROP.2015.07.001,"Table 1, printed pp.277–278 / PDF pp.3–4",Name transcribed from source; not resolved to current accepted name
Eryngium horridum,0,-,100 µg/cm²,500 µg/spot,Acromyrmex lundi,L. gongylophorus,napal2015,https://doi.org/10.1016/J.INDCROP.2015.07.001,"Table 1, printed pp.277–278 / PDF pp.3–4",Name transcribed from source; not resolved to current accepted name
Acanthostyles buniifolius,0,-,100 µg/cm²,500 µg/spot,Acromyrmex lundi,L. gongylophorus,napal2015,https://doi.org/10.1016/J.INDCROP.2015.07.001,"Table 1, printed pp.277–278 / PDF pp.3–4",Name transcribed from source; not resolved to current accepted name
Chromolaena hookeriana,0,-,100 µg/cm²,500 µg/spot,Acromyrmex lundi,L. gongylophorus,napal2015,https://doi.org/10.1016/J.INDCROP.2015.07.001,"Table 1, printed pp.277–278 / PDF pp.3–4",Name transcribed from source; not resolved to current accepted name
Marrubium vulgare,0,-,100 µg/cm²,500 µg/spot,Acromyrmex lundi,L. gongylophorus,napal2015,https://doi.org/10.1016/J.INDCROP.2015.07.001,"Table 1, printed pp.277–278 / PDF pp.3–4",Name transcribed from source; not resolved to current accepted name
Microliabum candidum,0,-,100 µg/cm²,500 µg/spot,Acromyrmex lundi,L. gongylophorus,napal2015,https://doi.org/10.1016/J.INDCROP.2015.07.001,"Table 1, printed pp.277–278 / PDF pp.3–4",Name transcribed from source; not resolved to current accepted name
Prosopis alba var. alba,0,-,100 µg/cm²,500 µg/spot,Acromyrmex lundi,L. gongylophorus,napal2015,https://doi.org/10.1016/J.INDCROP.2015.07.001,"Table 1, printed pp.277–278 / PDF pp.3–4",Name transcribed from source; not resolved to current accepted name
Salvia cuspidata subsp. gilliesii,0,-,100 µg/cm²,500 µg/spot,Acromyrmex lundi,L. gongylophorus,napal2015,https://doi.org/10.1016/J.INDCROP.2015.07.001,"Table 1, printed pp.277–278 / PDF pp.3–4",Name transcribed from source; not resolved to current accepted name
Senecio madagascariensis,0,-,100 µg/cm²,500 µg/spot,Acromyrmex lundi,L. gongylophorus,napal2015,https://doi.org/10.1016/J.INDCROP.2015.07.001,"Table 1, printed pp.277–278 / PDF pp.3–4",Name transcribed from source; not resolved to current accepted name
Sphaeralcea cordobensis,0,-,100 µg/cm²,500 µg/spot,Acromyrmex lundi,L. gongylophorus,napal2015,https://doi.org/10.1016/J.INDCROP.2015.07.001,"Table 1, printed pp.277–278 / PDF pp.3–4",Name transcribed from source; not resolved to current accepted name
Tagetes minuta,0,-,100 µg/cm²,500 µg/spot,Acromyrmex lundi,L. gongylophorus,napal2015,https://doi.org/10.1016/J.INDCROP.2015.07.001,"Table 1, printed pp.277–278 / PDF pp.3–4",Name transcribed from source; not resolved to current accepted name
Viguiera tucumanensis,0,-,100 µg/cm²,500 µg/spot,Acromyrmex lundi,L. gongylophorus,napal2015,https://doi.org/10.1016/J.INDCROP.2015.07.001,"Table 1, printed pp.277–278 / PDF pp.3–4",Name transcribed from source; not resolved to current accepted name
Dolichandra unguis-cati,-5.3,-,100 µg/cm²,500 µg/spot,Acromyrmex lundi,L. gongylophorus,napal2015,https://doi.org/10.1016/J.INDCROP.2015.07.001,"Table 1, printed pp.277–278 / PDF pp.3–4",Name transcribed from source; not resolved to current accepted name
Flourensia campestris,-11,-,100 µg/cm²,500 µg/spot,Acromyrmex lundi,L. gongylophorus,napal2015,https://doi.org/10.1016/J.INDCROP.2015.07.001,"Table 1, printed pp.277–278 / PDF pp.3–4",Name transcribed from source; not resolved to current accepted name
Mandevilla pentlandiana,-11,-,100 µg/cm²,500 µg/spot,Acromyrmex lundi,L. gongylophorus,napal2015,https://doi.org/10.1016/J.INDCROP.2015.07.001,"Table 1, printed pp.277–278 / PDF pp.3–4",Name transcribed from source; not resolved to current accepted name
Thalictrum decipiens,-11,-,100 µg/cm²,500 µg/spot,Acromyrmex lundi,L. gongylophorus,napal2015,https://doi.org/10.1016/J.INDCROP.2015.07.001,"Table 1, printed pp.277–278 / PDF pp.3–4",Name transcribed from source; not resolved to current accepted name
Achyrocline tomentosa,-20,+,100 µg/cm²,500 µg/spot,Acromyrmex lundi,L. gongylophorus,napal2015,https://doi.org/10.1016/J.INDCROP.2015.07.001,"Table 1, printed pp.277–278 / PDF pp.3–4",Name transcribed from source; not resolved to current accepted name
Vernonia mollissima,-20,-,100 µg/cm²,500 µg/spot,Acromyrmex lundi,L. gongylophorus,napal2015,https://doi.org/10.1016/J.INDCROP.2015.07.001,"Table 1, printed pp.277–278 / PDF pp.3–4",Name transcribed from source; not resolved to current accepted name
Zanthoxylum coco,-25,++,100 µg/cm²,500 µg/spot,Acromyrmex lundi,L. gongylophorus,napal2015,https://doi.org/10.1016/J.INDCROP.2015.07.001,"Table 1, printed pp.277–278 / PDF pp.3–4",Name transcribed from source; not resolved to current accepted name
Solanum sisymbriifolium,-25,-,100 µg/cm²,500 µg/spot,Acromyrmex lundi,L. gongylophorus,napal2015,https://doi.org/10.1016/J.INDCROP.2015.07.001,"Table 1, printed pp.277–278 / PDF pp.3–4",Name transcribed from source; not resolved to current accepted name
Thelesperma megapotanicum,-25,-,100 µg/cm²,500 µg/spot,Acromyrmex lundi,L. gongylophorus,napal2015,https://doi.org/10.1016/J.INDCROP.2015.07.001,"Table 1, printed pp.277–278 / PDF pp.3–4",Name transcribed from source; not resolved to current accepted name
Elaphoglossum lorentzii,-33,-,100 µg/cm²,500 µg/spot,Acromyrmex lundi,L. gongylophorus,napal2015,https://doi.org/10.1016/J.INDCROP.2015.07.001,"Table 1, printed pp.277–278 / PDF pp.3–4",Name transcribed from source; not resolved to current accepted name
Lepechinia meyenii,-33,-,100 µg/cm²,500 µg/spot,Acromyrmex lundi,L. gongylophorus,napal2015,https://doi.org/10.1016/J.INDCROP.2015.07.001,"Table 1, printed pp.277–278 / PDF pp.3–4",Name transcribed from source; not resolved to current accepted name
Pyrostegia venusta,-41,-,100 µg/cm²,500 µg/spot,Acromyrmex lundi,L. gongylophorus,napal2015,https://doi.org/10.1016/J.INDCROP.2015.07.001,"Table 1, printed pp.277–278 / PDF pp.3–4",Name transcribed from source; not resolved to current accepted name
Pterocaulon alopecuroides,-45,+++,100 µg/cm²,500 µg/spot,Acromyrmex lundi,L. gongylophorus,napal2015,https://doi.org/10.1016/J.INDCROP.2015.07.001,"Table 1, printed pp.277–278 / PDF pp.3–4",Name transcribed from source; not resolved to current accepted name
Artemisia verlotiorum,-45,-,100 µg/cm²,500 µg/spot,Acromyrmex lundi,L. gongylophorus,napal2015,https://doi.org/10.1016/J.INDCROP.2015.07.001,"Table 1, printed pp.277–278 / PDF pp.3–4",Name transcribed from source; not resolved to current accepted name
Araujia brachystephana,-50,-,100 µg/cm²,500 µg/spot,Acromyrmex lundi,L. gongylophorus,napal2015,https://doi.org/10.1016/J.INDCROP.2015.07.001,"Table 1, printed pp.277–278 / PDF pp.3–4",Name transcribed from source; not resolved to current accepted name
Condalia microphylla,-50,-,100 µg/cm²,500 µg/spot,Acromyrmex lundi,L. gongylophorus,napal2015,https://doi.org/10.1016/J.INDCROP.2015.07.001,"Table 1, printed pp.277–278 / PDF pp.3–4",Name transcribed from source; not resolved to current accepted name
Cortaderia rudiuscula,-75,-,100 µg/cm²,500 µg/spot,Acromyrmex lundi,L. gongylophorus,napal2015,https://doi.org/10.1016/J.INDCROP.2015.07.001,"Table 1, printed pp.277–278 / PDF pp.3–4",Name transcribed from source; not resolved to current accepted name
Senna aphylla,-76,-,100 µg/cm²,500 µg/spot,Acromyrmex lundi,L. gongylophorus,napal2015,https://doi.org/10.1016/J.INDCROP.2015.07.001,"Table 1, printed pp.277–278 / PDF pp.3–4",Name transcribed from source; not resolved to current accepted name
Jarava ichu,-100,-,100 µg/cm²,500 µg/spot,Acromyrmex lundi,L. gongylophorus,napal2015,https://doi.org/10.1016/J.INDCROP.2015.07.001,"Table 1, printed pp.277–278 / PDF pp.3–4",Name transcribed from source; not resolved to current accepted name
