plant,priority,evidence,plant_part,chemical_lead,fungal_result,dose_and_assay,behavioral_relation,ant_and_cultivar,source_ids,source_locator,limitations,validation_status,candidate_id,original_urls,local_originals
Piper holtonii,1 — First validation,Field selection lead + isolated compound,Leaves; 90% ethanol extract; hydrodistilled oil separately,Dillapiole (C1; apiole excluded by NMR),Extract and dillapiole inhibit growth; oil completely inhibitory at 1000 ppm,"Extract IC50/IC95 102/369 ppm; dillapiole 38/122 ppm. Acid PDA pH4.5, five weeks, five repetitions/treatment",Field non-foraging observations supported plant selection; not a quantified paired choice experiment,Atta cephalotes; L. gongylophorus as reported,salazar2020,PDF 2–5 / printed 669–672; Methods and Figs 1–3,"IC values are regression estimates without reported confidence intervals. Three source nests, but isolate allocation unclear. Cellulose/PDA controls; no positive control. Preserve ppm; not proof of killing or garden exposure.",Original full text: relevant methods/results checked,P001,https://doi.org/10.1007/s10886-020-01170-w,sources/salazar2020.pdf
Aristolochia argentina,1 — First validation,Paired behavior + isolated compound,Aerial parts,Argentilactone,Extract MIC 1.95 µg/mL; argentilactone MIC 0.90 µg/mL,Broth microdilution; extract AFI 100 at 100 µg/cm²,Extract completely deters collection in treated rose-leaf assay,Acromyrmex lundi; L. gongylophorus,napal2015,"PDF pp.3–4, Tables 1–2",One colony. MIC is assay-specific; not a whole-garden trial.,Original full text: relevant methods/results checked,P002,https://doi.org/10.1016/J.INDCROP.2015.07.001,sources/napal2015.pdf
Hymenaea courbaril,1 — First validation,Paired behavior + isolated compound,Mature leaves/resin,Caryophyllene epoxide; caryophyllene separately,"1983: epoxide damaged 8/10 cultures at 100 µg/mL within 48 h. 1988: no growth at 0.10 mg/mL epoxide, ~75% growth at 0.01 mg/mL","1983: 100 µg/mL, 3 and 30 mg/mL; damage counts. 1988: day 7 ordinal growth scores; caryophyllene 0.14/0.014 mg/mL gives ~50/75% growth",Rarely cut; preferred Spondias leaves treated with epoxide became repellent near natural leaf concentration,"Atta cephalotes; attine cultivar confirmed by ant acceptance, no molecular identity reported",hubbell1983;howard1988terpenoids,"1983 PDF 3,5 / printed 323,325; 1988 PDF 3,5,7 / printed 61,63,65",Damage frequency is not growth inhibition percentage. One donor colony per study; possible shared culture lineage unverified. Natural leaf mg/g does not establish concentration delivered to garden. Keep epoxide distinct from caryophyllene.,Original full text: relevant methods/results checked,P003,https://doi.org/10.1007/BF00376846 ; https://doi.org/10.1007/BF01022531,sources/hubbell1983.pdf ; sources/howard1988terpenoids.pdf
Flourensia oolepis,1 — First validation,Paired behavior + extract,Plant extract; voucher/part supplement pending,Active molecule unresolved,Extract MIC 7.80 µg/mL,TLC 500 µg/spot: weak (+); broth MIC 7.80 µg/mL,AFI 100; ant IC50 41.11 µg/cm²,Acromyrmex lundi; L. gongylophorus,napal2015,"PDF pp.3–4, Tables 1–2",Different screening endpoints rank it differently; do not silently replace weak TLC result with strong.,Original full text: relevant methods/results checked,P004,https://doi.org/10.1016/J.INDCROP.2015.07.001,sources/napal2015.pdf
Pterocaulon alopecuroides,1 — First validation,Direct extract; behavioral counterexample,Plant extract; part supplement pending,Active molecule unresolved,Extract MIC 7.80 µg/mL; strong TLC inhibition,500 µg/spot TLC (+++); broth microdilution,AFI −45: attractive despite antifungal activity,Acromyrmex lundi; L. gongylophorus,napal2015,"PDF p.4, Tables 1–2",Tests why an avoidance-only screen can miss useful chemistry.,Original full text: relevant methods/results checked,P005,https://doi.org/10.1016/J.INDCROP.2015.07.001,sources/napal2015.pdf
Virola sebifera,1 — First validation,Isolated compounds; acceptance varies,Leaves,"(-)-Kusunokinin; (+)-sesamin; (-)-hinokinin in thesis. 1996: sesamin, eudesmin, lignans 5/6","Thesis: kusunokinin completely suppressed growth. 1996: sesamin <20% remaining growth; eudesmin 60%, lignan 5 80%, lignan 6 40%","Thesis: kusunokinin 120 µg/mL, 30 days. 1996: sesamin 70, eudesmin 160, lignan 5 200, lignan 6 210 µg/mL; visual growth 30–35 days",Young leaves/trichomes can be preferred; not blanket avoidance,Atta sexdens rubropilosa; cultivar under historical Leucocoprinus/Leucoagaricus names,bicalho2011;bicalho2012;carlos2018;pagnocca1996,"Thesis PDF 155–157, Figs 4.56–4.58; 1996 PDF 2–4, Fig 1 and Table 1",1996 prose says complete inhibition but Table 1 says <20% growth for sesamin; retain bound. Lignans 5/6 retain source codes. Thesis/article overlap; hinokinin prose/plot differ. Do not merge stereochemistry without structure validation.,Original full text: relevant methods/results checked,P006,https://repositorio.ufscar.br/handle/20.500.14289/6502 ; https://doi.org/10.1155/2012/785424 ; https://doi.org/10.1007/s11829-017-9582-9 ; https://repositorio.unesp.br/entities/publication/44608eaa-b84f-4614-8e00-6f6fb9c5caf1,sources/virola_thesis.pdf ; sources/carlos2018.pdf ; sources/pagnocca1996.pdf
Ricinus communis,1 — First validation,Plant choice + cultivar assay + chemical study,Dry leaves; sequential solvent extracts; aqueous leaves in separate thesis,Fatty-acid-containing fractions; no individual fatty acid established as causal. Ricinine is ant-active,Bigi: hexane/methanol extracts leave 20% growth at 5 mg/mL; active subfractions leave 20% at 0.5–1 mg/mL,"Bigi: visual modal growth at 30 days, two runs of five tubes/dose; controls 100% growth. Arêdes: aqueous leaf medium,21 days",Little transported in Arêdes six-plant choice,Atta sexdens/rubropilosa; L. gongylophorus,bigi2004;aredes2018,"Bigi PDF 2–4, Tables 1–3; Arêdes PDF 55–61, Fig 3",MFHE-9 contains fatty acids plus glycosylsteroids; palmitic acid abundance is not pure-compound activity. Ricinine 1 mg/mL interpreted as null from malformed prose; no quantitative growth table entry. TLC stability checked after autoclaving.,Original full text: relevant methods/results checked,P007,https://doi.org/10.1002/PS.892 ; https://uenf.br/posgraduacao/producao-vegetal/wp-content/uploads/sites/10/2019/02/TESE-final-An%C3%A1lia-Ar%C3%AAdes.pdf,sources/bigi2004.pdf ; sources/aredes_thesis.pdf
Pilocarpus riedelianus,1 — First validation,Isolated compounds against cultivar,Stems,Xanthyletin; substituted methoxycoumarin,Xanthyletin 100% growth inhibition,"25 µg/mL; agar slants, 30 days",Natural avoidance not established in this assay,Atta sexdens rubropilosa; L. gongylophorus,godoy2005,PDF p.2 methods; p.3 Table 1,Single tested level is not a MIC. Compound and plant-part match matters.,Original full text: relevant methods/results checked,P008,https://doi.org/10.1590/S0103-50532005000400031,sources/coumarins2005.pdf
Citrus limonia,2 — Direct assay,Isolated compounds against cultivar,Roots,Suberosin; xanthoxyletin; angelicin; clausarin,Suberosin/xanthoxyletin 100%; clausarin 0%,64/70 µg/mL active coumarins; clausarin 75 µg/mL; 30 days,Root chemistry does not establish leaf avoidance,Atta sexdens rubropilosa; L. gongylophorus,godoy2005,"PDF pp.2–3, Table 1",Thesis uses inconsistent Citrus limonea/limoneae spelling and different doses/solvent; use 2005 paper values.,Original full text: relevant methods/results checked,P009,https://doi.org/10.1590/S0103-50532005000400031,sources/coumarins2005.pdf
Adiscanthus fusciflorus,2 — Direct assay,Isolated compound against cultivar,Roots,Isopimpinellin; related alkaloids in thesis,Isopimpinellin 100% inhibition,80 µg/mL; agar slants 30 days,Avoidance not established,Atta sexdens; L. gongylophorus,godoy2005;godoy2003,2005 PDF pp.2–3,Single dose; historical spelling Adiscantus occurs in thesis.,Original full text: relevant methods/results checked,P010,https://doi.org/10.1590/S0103-50532005000400031 ; https://repositorio.unesp.br/server/api/core/bitstreams/26e7fe74-e052-4666-b364-2813ace6c22e/content,sources/coumarins2005.pdf ; sources/godoy_thesis.pdf
Picramnia teapensis,2 — Direct assay,Isolated compound against cultivar,Bark,Umbelliferone,60% growth inhibition,65 µg/mL; 30 days,Avoidance not established,Atta sexdens; L. gongylophorus,godoy2005,PDF pp.2–3,"Partial inhibition, not demonstrated killing.",Original full text: relevant methods/results checked,P011,https://doi.org/10.1590/S0103-50532005000400031,sources/coumarins2005.pdf
Raulinoa echinata,1 — First validation,Isolated compounds against cultivar,Stems and leaves,Kokusaginine; skimmianine; maculine,Kokusaginine 100%; skimmianine 80%; maculine 50%,100 µg/mL; Table 1. Strongly reduced at 50 µg/mL,Avoidance not established,Atta sexdens; L. gongylophorus,biavatti2002,PDF p.3 Table 1,Table says Kokusagine; prose identifies kokusaginine. Cultivar/compound response differs from Helietta assay.,Original full text: relevant methods/results checked,P012,https://doi.org/10.1590/S0103-50532002000100010,sources/raulinoa2002.pdf
Helietta puberula,2 — Direct assay,Isolated compounds against cultivar,Leaves/branches,Maculine; dictamnine; kokusaginine; anthranilic acid,Maculine/dictamnine 100%; other two 80%,Table 1: 100 µg/mL compounds; methods: 50 µg/mL (conflict),Ant toxicity assayed; natural preference not established,Atta sexdens; L. gongylophorus,almeida2007,"PDF pp.3–4, Table 1",Resolve twofold dose conflict before potency ranking. Maculine fungal-only in this ant assay.,Original full text: relevant methods/results checked,P013,https://doi.org/10.14295/BA.V2.0.53,sources/helietta2007.pdf
Simarouba versicolor,2 — Direct assay,Isolated compounds against cultivar,Stem and branches,"5-Methoxycanthin-6-one; 4,5-dimethoxycanthin-6-one",Both alkaloids 100% inhibition,Table 2: 100 µg/mL; methods: 50 µg/mL (conflict),"4,5-dimethoxy compound lacks corresponding ant toxicity",Atta sexdens; L. gongylophorus,penaflor2009,"PDF pp.3–4, Tables 1–2",Do not substitute inactive/weak triterpenoids for active alkaloids. Resolve dose conflict.,Original full text: relevant methods/results checked,P014,https://doi.org/10.14295/BA.V4.0.24,sources/simarouba2009.pdf
Pilocarpus grandiflorus,2 — Direct assay,Isolated compounds against cultivar,Stems/branches,Vanillic acid; syringaldehyde; platydesmine; weaker dictamine,Paper Table 3: vanillic acid/syringaldehyde/platydesmine80% inhibition; dictamine 40%; several compound nulls,50 µg/mL for three strongest compounds; dictamine 40 µg/mL. DCM stem extract100% at 1000 µg/mL; protocol cited to 1990 paper,Avoidance not established,Atta sexdens; L. gongylophorus,godoy2003;souza2005,Souza2005 PDF 3 Table 3; PDF 4 methods; Godoy thesis PDF 71 Table 15,New imidazole compound 1 not listed in activity table. Preserve nulls; source refers methods rather than restating replicate/time details. Thesis/article may overlap.,Original full text: relevant methods/results checked,P015,https://repositorio.unesp.br/server/api/core/bitstreams/26e7fe74-e052-4666-b364-2813ace6c22e/content ; https://doi.org/10.1515/znb-2005-0715,sources/godoy_thesis.pdf ; sources/souza2005.pdf
Sesamum indicum,2 — Direct assay,Extract inhibition; useful accepted-plant comparison,Leaves of different ages; green/ripe fruits and seeds separately,Unresolved solvent-extractable compounds; later fatty-acid-fraction literature. Leaf effect not established as sesamin,1990: chloroform/methanol leaf extracts leave 40% growth at 60 mg dry-leaf-equivalent/mL; low doses null. Water extract stimulates growth,"1990:7.5/15/30/60 mg DRY-PLANT equivalent/mL, not extract mass;30–35-day ordinal growth. 1998 fractions use separate mass basis",1990 authors report leaves avidly collected despite fungal inhibition,Atta sexdens; L. gongylophorus,sesame1998;sesame1990,1990 PDF 2 Tables 1–2 and PDF 3 discussion;1998 abstract,Do not equate dry-plant-equivalent with recovered extract or pure-compound dose. Sesamin not detected in leaves by stated methods; not proof of universal absence.1998 full methods remain unchecked.,1990 original full text checked;1998 abstract checked,P016,https://doi.org/10.1590/S0301-80591998000300010 ; https://doi.org/10.1017/S0007485300050550,sources/sesame1990.pdf
Spiranthera odoratissima,2 — Direct assay,Extract and isolated compounds against cultivar,Branches; leaf extracts much less active,Dictamnine; gamma-fagarine; skimmianine,"Branch extracts 100%; leaf extracts 20%. Dictamnine/gamma-fagarine 100%, skimmianine 80%","Extracts 1000 µg/mL; isolated alkaloids 50 µg/mL; 30-day visual mycelial growth, 8–10 tubes plus controls",Natural avoidance not established; dictamnine lacked attraction in a separate assay,Atta sexdens rubropilosa; L. gongylophorus,terezan2007;terezan2010,"Thesis PDF 49 methods; PDF 137–138, section 4.6.2 and Graph 4.4",Single-dose inhibition is not MIC or proof of killing. The separate flavone transformation experiments had major solvent effects; do not transfer their interpretation into the extract assay.,Original full text: relevant methods/results checked,P017,https://repositorio.ufscar.br/server/api/core/bitstreams/4deaae0b-4c69-4081-ace3-35baa2d01880/content ; https://doi.org/10.1590/S0103-50532010000500016,sources/spiranthera_thesis.pdf
Brachiaria brizantha,2 — Direct assay,Field resistance + cultivar extract assay,Leaves; cultivar Marandú,Inhibitory plant factor(s) unresolved,Strong inhibition by resistant-cultivar homogenates; Marandú/Basilisk almost no outgrowth in Fig 5; Pasto Humidicola inhibits both host-derived isolates,"Clarified500 g leaf+500 mL water stock used in oatmeal agar;100%,50%,1% homogenate dilutions in two-cultivar trial;3 plates/condition",Resistant in seedling damage/colonization tests,Acromyrmex landolti; Atta laevigata; A. capiguara,lapointe1996;castellani2009,Lapointe PDF 3 methods; PDF 5–7 Figs 3–5,Keep cultivar and trial separate. Dilution is not compound/extract mass concentration. Five A.landolti/one A.laevigata donor colonies used to establish isolation; figure comparisons do not equal six independent strains. Unknown chemistry.,Original full text: relevant methods/results checked,P018,https://doi.org/10.1093/JEE/89.3.757 ; https://repositorio.unesp.br/entities/publication/387fbb1f-2733-4333-97cc-11e7605012f9,sources/lapointe1996.pdf
Brachiaria decumbens,2 — Direct assay,Field resistance + cultivar extract assay,Leaves; cultivar Basilisk,Inhibitory plant factor(s) unresolved,Strong inhibition by resistant-cultivar homogenates; Marandú/Basilisk almost no outgrowth in Fig 5; Pasto Humidicola inhibits both host-derived isolates,"Clarified500 g leaf+500 mL water stock used in oatmeal agar;100%,50%,1% homogenate dilutions in two-cultivar trial;3 plates/condition",Resistant in seedling damage/colonization tests,Acromyrmex landolti; Atta laevigata,lapointe1996,Lapointe PDF 3 methods; PDF 5–7 Figs 3–5,Keep cultivar and trial separate. Dilution is not compound/extract mass concentration. Five A.landolti/one A.laevigata donor colonies used to establish isolation; figure comparisons do not equal six independent strains. Unknown chemistry.,Original full text: relevant methods/results checked,P019,https://doi.org/10.1093/JEE/89.3.757,sources/lapointe1996.pdf
Brachiaria humidicola,2 — Direct assay,Field resistance + cultivar extract assay,Leaves; cultivar Pasto Humidicola,Inhibitory plant factor(s) unresolved,Strong inhibition by resistant-cultivar homogenates; Marandú/Basilisk almost no outgrowth in Fig 5; Pasto Humidicola inhibits both host-derived isolates,"Clarified500 g leaf+500 mL water stock used in oatmeal agar;100%,50%,1% homogenate dilutions in two-cultivar trial;3 plates/condition",Resistant in seedling damage/colonization tests,Acromyrmex landolti; Atta laevigata,lapointe1996,Lapointe PDF 3 methods; PDF 5–7 Figs 3–5,Keep cultivar and trial separate. Dilution is not compound/extract mass concentration. Five A.landolti/one A.laevigata donor colonies used to establish isolation; figure comparisons do not equal six independent strains. Unknown chemistry.,Original full text: relevant methods/results checked,P020,https://doi.org/10.1093/JEE/89.3.757,sources/lapointe1996.pdf
Carica papaya,2 — Direct assay,Bioassay-guided compounds + formulated nest trial,Young and older leaves; two ethanol extracts,Squalene and carpaine; commercial quercetin comparator inactive,"Extracts100% inhibition at 2.5 mg/mL; squalene 25.67%, carpaine 27.67%,1:1 mixture41.86% at labelled0.5 mg/mL",Five-week acid-PDA growth assay; five replicates/treatment; cellulose and PDA controls,Selection/avoidance not established,Acromyrmex octospinosus; L. gongylophorus,lobo2020papaya,PDF 2–5 methods/results; Fig 3 PDF 8; field experiments reported separately,Combination increase is not proof of synergy; mixture dose total/per-component unclear. Commercial quercetin is not the isolated glycosides. Field formulations cannot establish pure-compound garden efficacy.,Original full text: relevant methods/results checked,P021,https://doi.org/10.1080/09670874.2019.1610812,sources/lobo2020papaya.pdf
Senna alata,2 — Direct assay,Ethnopharmacological preparation against cultivar,Leaves,Active compound(s) unresolved,"Original Table 3 fitted IC50 251.51, IC99 350.78 µg/mL; MTT and growth assays reported",Freeze-dried plant preparations500/1000/2000 µg/mL;30-day solid area/liquid biomass; six replications. MTT color read separately,Not selected through ant avoidance,Acromyrmex octospinosus; L. gongylophorus,boulogne2012;boulogne2011;araujo2022,"Boulogne PDF 2–5, Tables 1–3;95% CIs transcribed",Some IC estimates outside tested range. Table 3 does not separate solid/liquid fitting; liquid inoculation can alter dose. MTT supports metabolic interpretation rather than confirmed killing. Discussion compounds not isolated here.,Original full text: relevant methods/results checked,P022,https://doi.org/10.1603/EC11313 ; https://theses.fr/2011AGUY0469 ; https://pmc.ncbi.nlm.nih.gov/articles/PMC9029082/,sources/boulogne2012.pdf ; sources/boulogne_thesis.pdf ; sources/araujo2022.pdf
Allium sativum,2 — Direct assay,Ethnopharmacological preparation against cultivar,Cloves (French gousse; English abstract says seed pods),Active compound(s) unresolved,"Original Table 3 fitted IC50 358.36, IC99 1344.02 µg/mL; MTT and growth assays reported",Freeze-dried plant preparations500/1000/2000 µg/mL;30-day solid area/liquid biomass; six replications. MTT color read separately,Not selected through ant avoidance,Acromyrmex octospinosus; L. gongylophorus,boulogne2012;boulogne2011;araujo2022,"Boulogne PDF 2–5, Tables 1–3;95% CIs transcribed",Some IC estimates outside tested range. Table 3 does not separate solid/liquid fitting; liquid inoculation can alter dose. MTT supports metabolic interpretation rather than confirmed killing. Discussion compounds not isolated here.,Original full text: relevant methods/results checked,P023,https://doi.org/10.1603/EC11313 ; https://theses.fr/2011AGUY0469 ; https://pmc.ncbi.nlm.nih.gov/articles/PMC9029082/,sources/boulogne2012.pdf ; sources/boulogne_thesis.pdf ; sources/araujo2022.pdf
Manihot esculenta,2 — Direct assay,Ethnopharmacological preparation against cultivar,Leaves,Active compound(s) unresolved,"Original Table 3 fitted IC50 553.32, IC99 1352.21 µg/mL; MTT and growth assays reported",Freeze-dried plant preparations500/1000/2000 µg/mL;30-day solid area/liquid biomass; six replications. MTT color read separately,Not selected through ant avoidance,Acromyrmex octospinosus; L. gongylophorus,boulogne2012;boulogne2011;araujo2022,"Boulogne PDF 2–5, Tables 1–3;95% CIs transcribed",Some IC estimates outside tested range. Table 3 does not separate solid/liquid fitting; liquid inoculation can alter dose. MTT supports metabolic interpretation rather than confirmed killing. Discussion compounds not isolated here.,Original full text: relevant methods/results checked,P024,https://doi.org/10.1603/EC11313 ; https://theses.fr/2011AGUY0469 ; https://pmc.ncbi.nlm.nih.gov/articles/PMC9029082/,sources/boulogne2012.pdf ; sources/boulogne_thesis.pdf ; sources/araujo2022.pdf
Allium cepa,2 — Direct assay,Ethnopharmacological preparation against cultivar,Bulbs,Active compound(s) unresolved,"Original Table 3 fitted IC50 1241.55, IC99 4356.06 µg/mL; MTT and growth assays reported",Freeze-dried plant preparations500/1000/2000 µg/mL;30-day solid area/liquid biomass; six replications. MTT color read separately,Not selected through ant avoidance,Acromyrmex octospinosus; L. gongylophorus,boulogne2012;boulogne2011;araujo2022,"Boulogne PDF 2–5, Tables 1–3;95% CIs transcribed",Some IC estimates outside tested range. Table 3 does not separate solid/liquid fitting; liquid inoculation can alter dose. MTT supports metabolic interpretation rather than confirmed killing. Discussion compounds not isolated here.,Original full text: relevant methods/results checked,P025,https://doi.org/10.1603/EC11313 ; https://theses.fr/2011AGUY0469 ; https://pmc.ncbi.nlm.nih.gov/articles/PMC9029082/,sources/boulogne2012.pdf ; sources/boulogne_thesis.pdf ; sources/araujo2022.pdf
Solanum lycopersicum,2 — Direct assay,Ethnopharmacological preparation against cultivar,Green fruit; original Lycopersicon esculentum,Active compound(s) unresolved,"Original Table 3 fitted IC50 2262.29, IC99 3547.4 µg/mL; MTT and growth assays reported",Freeze-dried plant preparations500/1000/2000 µg/mL;30-day solid area/liquid biomass; six replications. MTT color read separately,Not selected through ant avoidance,Acromyrmex octospinosus; L. gongylophorus,boulogne2012;boulogne2011;araujo2022,"Boulogne PDF 2–5, Tables 1–3;95% CIs transcribed",Some IC estimates outside tested range. Table 3 does not separate solid/liquid fitting; liquid inoculation can alter dose. MTT supports metabolic interpretation rather than confirmed killing. Discussion compounds not isolated here.,Original full text: relevant methods/results checked,P026,https://doi.org/10.1603/EC11313 ; https://theses.fr/2011AGUY0469 ; https://pmc.ncbi.nlm.nih.gov/articles/PMC9029082/,sources/boulogne2012.pdf ; sources/boulogne_thesis.pdf ; sources/araujo2022.pdf
Ageratum conyzoides,2 — Direct assay,Crude extract against cultivar,Leaves; hexane extract,Active compound not isolated in this assay,81/93/100% biomass reduction in original thesis; coriander first two reductions not significant,"Table labels 25/50/100 mg/mL; methods describe stock added 1:10 to medium, implying nominal2.5/5/10 mg/mL final.30-day dry biomass",No avoidance assay in this experiment,L. gongylophorus; donor colony details pending,morais2015;morais2012thesis,2012 thesis PDF 44–48 / printed 31–35; same percentages in 2015 article abstract,"Unresolved stock/final dose basis: do not pool potency yet.10 plates/treatment with 3 discs each, not30 independent plates. Solvent control reductions7/13/0% recorded; denominator needs clarification. No causal pure compound established.",Related original thesis fungal chapter checked;2015 article full text pending,P027,https://doi.org/10.1016/j.indcrop.2014.10.054 ; https://locus.ufv.br/server/api/core/bitstreams/da53d5c4-077b-4210-8036-f6bda05b963c/content,sources/morais2012thesis.pdf
Coriandrum sativum,2 — Direct assay,Crude extract against cultivar,Leaves; hexane extract,Active compound not isolated in this assay,23/27/100% biomass reduction in original thesis; coriander first two reductions not significant,"Table labels 25/50/100 mg/mL; methods describe stock added 1:10 to medium, implying nominal2.5/5/10 mg/mL final.30-day dry biomass",No avoidance assay in this experiment,L. gongylophorus; donor colony details pending,morais2015;morais2012thesis,2012 thesis PDF 44–48 / printed 31–35; same percentages in 2015 article abstract,"Unresolved stock/final dose basis: do not pool potency yet.10 plates/treatment with 3 discs each, not30 independent plates. Solvent control reductions7/13/0% recorded; denominator needs clarification. No causal pure compound established.",Related original thesis fungal chapter checked;2015 article full text pending,P028,https://doi.org/10.1016/j.indcrop.2014.10.054 ; https://locus.ufv.br/server/api/core/bitstreams/da53d5c4-077b-4210-8036-f6bda05b963c/content,sources/morais2012thesis.pdf
Mentha piperita,2 — Direct assay,Crude extract against cultivar,Leaves; hexane extract,Active compound not isolated in this assay,96/99/100% biomass reduction in original thesis; coriander first two reductions not significant,"Table labels 25/50/100 mg/mL; methods describe stock added 1:10 to medium, implying nominal2.5/5/10 mg/mL final.30-day dry biomass",No avoidance assay in this experiment,L. gongylophorus; donor colony details pending,morais2015;morais2012thesis,2012 thesis PDF 44–48 / printed 31–35; same percentages in 2015 article abstract,"Unresolved stock/final dose basis: do not pool potency yet.10 plates/treatment with 3 discs each, not30 independent plates. Solvent control reductions7/13/0% recorded; denominator needs clarification. No causal pure compound established.",Related original thesis fungal chapter checked;2015 article full text pending,P029,https://doi.org/10.1016/j.indcrop.2014.10.054 ; https://locus.ufv.br/server/api/core/bitstreams/da53d5c4-077b-4210-8036-f6bda05b963c/content,sources/morais2012thesis.pdf
Capsicum baccatum,2 — Direct assay,Leaf extract against cultivar,Leaves; ethanolic extract,Compound identity unresolved,Both active; C. frutescens more antifungal at higher concentrations,0.10/0.25/0.50% w/v treatments (1/2.5/5 mg/mL),Ant toxicity tested; no natural avoidance established,Atta cephalotes; L. gongylophorus,lobo2016,Original journal abstract; PDF pp.137–145,"Leaf extraction, not pepper-fruit capsaicin proof.",Original abstract checked; full methods not checked,P030,https://revistacolombianaentomologia.univalle.edu.co/index.php/SOCOLEN/article/view/6684,
Capsicum frutescens,2 — Direct assay,Leaf extract against cultivar,Leaves; ethanolic extract,Compound identity unresolved,Both active; C. frutescens more antifungal at higher concentrations,0.10/0.25/0.50% w/v treatments (1/2.5/5 mg/mL),Ant toxicity tested; no natural avoidance established,Atta cephalotes; L. gongylophorus,lobo2016,Original journal abstract; PDF pp.137–145,"Leaf extraction, not pepper-fruit capsaicin proof.",Original abstract checked; full methods not checked,P031,https://revistacolombianaentomologia.univalle.edu.co/index.php/SOCOLEN/article/view/6684,
Myrcia lundiana,2 — Direct assay,Essential oil against cultivar,Leaves; citral/isopulegol chemotypes,Citral and isopulegol; leaf oils MLUN23/MLUN19 respectively,Citral IC50 31.7 µL/L air and 289.9 µL/L medium. Isopulegol 150.1/696.8. Oil chemotypes also inhibitory,"Fumigation oils IC50:145.1 (isopulegol type),104.8 (citral type) µL/L air; contact238.1/217.9 µL/L medium.7-day growth;4 replicates",Natural avoidance not established,Acromyrmex balzani; L. gongylophorus,melo2020;araujo2022,PDF 4 methods; Fig 2 PDF 8; recovery assay Fig 3 PDF 9,Air and medium concentrations are different exposure bases. At123.21 µL/L air citral prevented regrowth after7-day transfer. Ant mixture synergy is separate. Pure reagents purchased; structures/isomer composition need curation.,Original full text: relevant methods/results checked,P032,https://doi.org/10.1007/s11356-020-08170-z ; https://pmc.ncbi.nlm.nih.gov/articles/PMC9029082/,sources/melo2020.pdf ; sources/araujo2022.pdf
Parapolystichum effusum,2 — Direct assay,Seasonal crude-extract assay,Fronds; dry/rainy season,TLC markers detected; active molecule not established,100% inhibition at high-dose dry-period treatment,5 mg/mL; all extracts inactive at 100 µg/mL,No linked avoidance assay in 2024 experiment,L. gongylophorus,ferns2024,Results; Fig.1; PDF available,Chemical-marker detection is not isolated-compound activity; retain low-dose null results.,Original full text: relevant methods/results checked,P033,https://doi.org/10.1590/2175-7860202475023,sources/ferns2024.pdf
Niphidium crassifolium,3 — Tentative,Seasonal crude-extract assay,Fronds; dry/rainy season,TLC markers detected; active molecule not established,Approximately 40%; not clearly different from control inhibition at high-dose dry-period treatment,5 mg/mL; all extracts inactive at 100 µg/mL,No linked avoidance assay in 2024 experiment,L. gongylophorus,ferns2024,Results; Fig.1; PDF available,Chemical-marker detection is not isolated-compound activity; retain low-dose null results.,Original full text: relevant methods/results checked,P034,https://doi.org/10.1590/2175-7860202475023,sources/ferns2024.pdf
Macrothelypteris torresiana,4 — Negative/control,Seasonal crude-extract assay,Fronds; dry/rainy season,TLC markers detected; active molecule not established,Less than 20%; similar to control inhibition at high-dose dry-period treatment,5 mg/mL; all extracts inactive at 100 µg/mL,No linked avoidance assay in 2024 experiment,L. gongylophorus,ferns2024,Results; Fig.1; PDF available,Chemical-marker detection is not isolated-compound activity; retain low-dose null results.,Original full text: relevant methods/results checked,P035,https://doi.org/10.1590/2175-7860202475023,sources/ferns2024.pdf
Dicksonia sellowiana,4 — Negative/control,Seasonal crude-extract assay,Fronds; dry/rainy season,TLC markers detected; active molecule not established,Less than 20%; similar to control inhibition at high-dose dry-period treatment,5 mg/mL; all extracts inactive at 100 µg/mL,No linked avoidance assay in 2024 experiment,L. gongylophorus,ferns2024,Results; Fig.1; PDF available,Chemical-marker detection is not isolated-compound activity; retain low-dose null results.,Original full text: relevant methods/results checked,P036,https://doi.org/10.1590/2175-7860202475023,sources/ferns2024.pdf
Platanus mexicana,3 — Tentative,Paired choice + extract assay,Leaves; methanolic extract,Phenolics/flavonoids measured; no causal molecule isolated,35-day colony diameter 22 ± 2 mm versus PDA 28 ± 2 mm,2 mg/mL,Less selected than Palicourea padifolia,Atta mexicana; L. gongylophorus,infante2026,2026 PDF results and Fig.6,"Modest inhibition, physical defenses coexist; publication-date/P-value inconsistencies require checking.",Original full text: relevant methods/results checked,P037,https://doi.org/10.17129/botsci.3671,sources/infante2026.pdf
Eriobotrya japonica,3 — Tentative,Paired choice + extract assay,Leaves; methanolic extract,Phenolics/flavonoids measured; no causal molecule isolated,35-day colony diameter 20.66 ± 2 mm versus PDA 28 ± 2 mm,2 mg/mL,Less selected than Palicourea padifolia,Atta mexicana; L. gongylophorus,infante2026;eafit_report,2026 PDF results and Fig.6,"Modest inhibition, physical defenses coexist; publication-date/P-value inconsistencies require checking.",Original full text: relevant methods/results checked,P038,https://doi.org/10.17129/botsci.3671 ; https://repository.eafit.edu.co/bitstreams/cc608e9d-bbe4-4b2d-99fd-4188ae3d29cc/download,sources/infante2026.pdf ; sources/eafit_report.pdf
Gallesia integrifolia,3 — Tentative,Paired choice + numerically lower cultivar growth,Fresh leaves; aqueous extract,Active compound unresolved,Growth lower numerically; no clear difference versus untreated control by shared Tukey letters,6 g leaves/12 mL water; 5 mL extract into medium; autoclaved; four plates/treatment; 21 days,Low collection in six-plant assay,Atta sexdens; symbiotic cultivar,aredes2018,"PDF pp.55–61, Fig.3 visually checked","Fig.3 day 21: Gallesia bc, control ab. Do not call statistically established inhibition. Final medium volume ambiguous.",Original full text: relevant methods/results checked,P039,https://uenf.br/posgraduacao/producao-vegetal/wp-content/uploads/sites/10/2019/02/TESE-final-An%C3%A1lia-Ar%C3%AAdes.pdf,sources/aredes_thesis.pdf
Cedrela fissilis,2 — Direct assay,Cultivar assay in Portuguese thesis,Roots,Unresolved polyketide mixture,100% by a polyketide mixture,42 µg/mL,Avoidance not established,Atta sexdens; symbiotic cultivar,godoy2003,"PDF p.45, Table 2",Do not substitute antibacterial results from adjacent tables. Unresolved species/fractions cannot support exact molecule attribution.,Original full text: relevant methods/results checked,P040,https://repositorio.unesp.br/server/api/core/bitstreams/26e7fe74-e052-4666-b364-2813ace6c22e/content,sources/godoy_thesis.pdf
Cipadessa fruticosa,2 — Direct assay,Cultivar assay in Portuguese thesis,Branches/fruits/fruit husks,Unresolved active fractions,80% for hexane branch and DCM fruit extracts,1000 µg/mL; aqueous fruit-husk extract 732 µg/mL,Avoidance not established,Atta sexdens; symbiotic cultivar,godoy2003,"PDF p.51, Table 4",Do not substitute antibacterial results from adjacent tables. Unresolved species/fractions cannot support exact molecule attribution.,Original full text: relevant methods/results checked,P041,https://repositorio.unesp.br/server/api/core/bitstreams/26e7fe74-e052-4666-b364-2813ace6c22e/content,sources/godoy_thesis.pdf
Trichilia rubra,2 — Direct assay,Cultivar assay in Portuguese thesis,Leaves,Hexane-soluble active fraction unresolved,100% by leaf hexane fraction,500 µg/mL,Avoidance not established,Atta sexdens; symbiotic cultivar,godoy2003,"PDF p.59, Table 7",Do not substitute antibacterial results from adjacent tables. Unresolved species/fractions cannot support exact molecule attribution.,Original full text: relevant methods/results checked,P042,https://repositorio.unesp.br/server/api/core/bitstreams/26e7fe74-e052-4666-b364-2813ace6c22e/content,sources/godoy_thesis.pdf
Trichilia pallida,3 — Tentative,Cultivar assay in Portuguese thesis,Leaves,Unresolved,40% hexane; 20% methanol,1000 µg/mL,Avoidance not established,Atta sexdens; symbiotic cultivar,godoy2003,"PDF p.59, Table 7",Do not substitute antibacterial results from adjacent tables. Unresolved species/fractions cannot support exact molecule attribution.,Original full text: relevant methods/results checked,P043,https://repositorio.unesp.br/server/api/core/bitstreams/26e7fe74-e052-4666-b364-2813ace6c22e/content,sources/godoy_thesis.pdf
Trichilia sp.,3 — Tentative,Cultivar assay in Portuguese thesis,Fruits,Palmitic and oleic acids,Active fractions/constituents reported,Dose pending,Avoidance not established,Atta sexdens; symbiotic cultivar,godoy2003,Abstract and Trichilia results,Do not substitute antibacterial results from adjacent tables. Unresolved species/fractions cannot support exact molecule attribution.,Original full text: relevant methods/results checked,P044,https://repositorio.unesp.br/server/api/core/bitstreams/26e7fe74-e052-4666-b364-2813ace6c22e/content,sources/godoy_thesis.pdf
Conchocarpus longifolius,2 — Direct assay,Cultivar assay in Portuguese thesis,Petioles,Furanocoumarin-rich fractions,100% by hexane and DCM crude extracts,1000 µg/mL,Avoidance not established,Atta sexdens; symbiotic cultivar,godoy2003,"PDF p.65, Table 11",Do not substitute antibacterial results from adjacent tables. Unresolved species/fractions cannot support exact molecule attribution.,Original full text: relevant methods/results checked,P045,https://repositorio.unesp.br/server/api/core/bitstreams/26e7fe74-e052-4666-b364-2813ace6c22e/content,sources/godoy_thesis.pdf
Protium heptaphyllum,2 — Direct assay,Cultivar assay in Portuguese thesis,Branches,Active low-polarity fractions unresolved,High inhibition by hexane/DCM branch extracts and some fractions,Dose pending table validation,Avoidance not established,Atta sexdens; symbiotic cultivar,godoy2003,Abstract and Table 9,Do not substitute antibacterial results from adjacent tables. Unresolved species/fractions cannot support exact molecule attribution.,Original full text: relevant methods/results checked,P046,https://repositorio.unesp.br/server/api/core/bitstreams/26e7fe74-e052-4666-b364-2813ace6c22e/content,sources/godoy_thesis.pdf
Thyrsodium schomburgkianum,3 — Tentative,Conference cultivar assay,Stem (Thyrsodium); roots (Picramnia),Unresolved low/intermediate polarity compounds,Stem hexane 42%; stem DCM 50% inhibition,Dose not supplied on one-page abstract,No choice test,Atta sexdens rubropilosa; L. gongylophorus,kitamura2011,"PDF p.1, Figs.1–2",Preliminary partial inhibition; dose missing.,Original full text: relevant methods/results checked,P047,https://www.sbq.org.br/34ra/cdrom/resumos/T2230-1.pdf,sources/sbq2011.pdf
Picramnia bahiensis,3 — Tentative,Conference cultivar assay,Stem (Thyrsodium); roots (Picramnia),Chrysophanol from roots,Chrysophanol 21% inhibition,Dose not supplied on one-page abstract,No choice test,Atta sexdens rubropilosa; L. gongylophorus,kitamura2011,"PDF p.1, Figs.1–2",Preliminary partial inhibition; dose missing.,Original full text: relevant methods/results checked,P048,https://www.sbq.org.br/34ra/cdrom/resumos/T2230-1.pdf,sources/sbq2011.pdf
Croton floribundus,3 — Tentative,Cultivar growth and gongylidia measured,Bark (Croton); leaves (Zanthoxylum),"Fraction-specific, unresolved",Some fractions increase growth yet suppress gongylidia; crude Croton extract reduced growth in one comparison,Multiple solvent/fraction treatments; dose-specific extraction pending,Ant toxicity is separately measured,Atta sexdens; L. gongylophorus,santos2013,PDF pp.7–8 summary; third bioassay chapter,Not a simple fungicide-positive label. Solvent itself affected gongylidia; repeat experiment showed comparable biomass.,Original full text: relevant methods/results checked,P049,https://repositorio.ufla.br/handle/1/1614,sources/santos2013.pdf
Zanthoxylum pohlianum,3 — Tentative,Cultivar growth and gongylidia measured,Bark (Croton); leaves (Zanthoxylum),"Fraction-specific, unresolved",Some fractions increase growth yet suppress gongylidia; crude Croton extract reduced growth in one comparison,Multiple solvent/fraction treatments; dose-specific extraction pending,Ant toxicity is separately measured,Atta sexdens; L. gongylophorus,santos2013,PDF pp.7–8 summary; third bioassay chapter,Not a simple fungicide-positive label. Solvent itself affected gongylidia; repeat experiment showed comparable biomass.,Original full text: relevant methods/results checked,P050,https://repositorio.ufla.br/handle/1/1614,sources/santos2013.pdf
Phaseolus lunatus,3 — Tentative,Synthetic plant-volatile components against cultivar,Induced leaves; simulated emitted blend,Linalool; jasmonic acid; HIPV blend,High-dose components/blend suppressed growth; effects depend on medium and dose,"Agar: 1000 µg treatments; mixture inhibitory at 100 µg; these are masses, not MICs",Individual ant odor tests lacked aversion; colony learning mechanism proposed,Atta colombica; L. gongylophorus,stephan2010,"Printed pp.45–49,67 / PDF 49–53,71",Contamination reduced replication; synthetic blend is not proof that every lima-bean leaf harms a garden.,Original full text: relevant methods/results checked,P051,https://kluedo.ub.rptu.de/files/2239/Diplomarbeit.pdf,sources/stephan2010.pdf
Zingiber officinale,2 — Direct assay,2026 essential-oil cultivar assay,Rhizomes,Camphene/β-phellandrene-rich oil,Complete suppression at 100 mg/mL application solution; concentration effect above 10 mg/mL,100 µL oil solution spread onto 10 mL agar; initial solution 100 mg/mL; 30 days,"Caste toxicity, not plant preference, measured",Atta sexdens-derived L. gongylophorus,oils2026,"Original JATS §§2.2,2.5,3.4; Figs.4–5",Nominal surface-application concentration cannot be compared directly to broth MIC. Whole-oil chemistry does not identify sole active constituent.,Original full text: relevant methods/results checked,P052,https://doi.org/10.3390/insects17060645,
Melaleuca viminalis,3 — Tentative,2026 essential-oil cultivar assay,Leaves,"1,8-Cineole-rich oil",Complete suppression in initial screen; follow-up concentration response not significant,100 µL oil solution spread onto 10 mL agar; initial solution 100 mg/mL; 30 days,"Caste toxicity, not plant preference, measured",Atta sexdens-derived L. gongylophorus,oils2026,"Original JATS §§2.2,2.5,3.4; Figs.4–5",Nominal surface-application concentration cannot be compared directly to broth MIC. Whole-oil chemistry does not identify sole active constituent.,Original full text: relevant methods/results checked,P053,https://doi.org/10.3390/insects17060645,
Eugenia uniflora,3 — Tentative,2026 essential-oil cultivar assay,Leaves,Germacrone-rich oil,Partial inhibition at screen level,100 µL oil solution spread onto 10 mL agar; initial solution 100 mg/mL; 30 days,"Caste toxicity, not plant preference, measured",Atta sexdens-derived L. gongylophorus,oils2026,"Original JATS §§2.2,2.5,3.4; Figs.4–5",Nominal surface-application concentration cannot be compared directly to broth MIC. Whole-oil chemistry does not identify sole active constituent.,Original full text: relevant methods/results checked,P054,https://doi.org/10.3390/insects17060645,
Salix babylonica,3 — Tentative,2026 essential-oil cultivar assay,Leaves,Bicyclogermacrene/spathulenol-rich oil,Moderate inhibition at screen level,100 µL oil solution spread onto 10 mL agar; initial solution 100 mg/mL; 30 days,"Caste toxicity, not plant preference, measured",Atta sexdens-derived L. gongylophorus,oils2026,"Original JATS §§2.2,2.5,3.4; Figs.4–5",Nominal surface-application concentration cannot be compared directly to broth MIC. Whole-oil chemistry does not identify sole active constituent.,Original full text: relevant methods/results checked,P055,https://doi.org/10.3390/insects17060645,
Piper nigrum,3 — Tentative,2026 essential-oil cultivar assay,Dried peppercorns,Caryophyllene/limonene-rich oil,Moderate inhibition at screen level,100 µL oil solution spread onto 10 mL agar; initial solution 100 mg/mL; 30 days,"Caste toxicity, not plant preference, measured",Atta sexdens-derived L. gongylophorus,oils2026,"Original JATS §§2.2,2.5,3.4; Figs.4–5",Nominal surface-application concentration cannot be compared directly to broth MIC. Whole-oil chemistry does not identify sole active constituent.,Original full text: relevant methods/results checked,P056,https://doi.org/10.3390/insects17060645,
Grindelia pulchella,3 — Tentative,Positive TLC cultivar screen,Extract; part/voucher supplement pending,Unresolved,TLC + inhibition,500 µg/spot; no broth MIC retrieved,AFI 25 at 100 µg/cm²,Acromyrmex lundi; L. gongylophorus,napal2015,"PDF pp.3–4, Table 1",Single screening dose; no isolated molecule. Negative AFI means attraction.,Original full text: relevant methods/results checked,P057,https://doi.org/10.1016/J.INDCROP.2015.07.001,sources/napal2015.pdf
Baccharis flabellata,3 — Tentative,Positive TLC cultivar screen,Extract; part/voucher supplement pending,Unresolved,TLC ++ inhibition,500 µg/spot; no broth MIC retrieved,AFI 0 at 100 µg/cm²,Acromyrmex lundi; L. gongylophorus,napal2015,"PDF pp.3–4, Table 1",Single screening dose; no isolated molecule. Negative AFI means attraction.,Original full text: relevant methods/results checked,P058,https://doi.org/10.1016/J.INDCROP.2015.07.001,sources/napal2015.pdf
Dalea elegans var. elegans,3 — Tentative,Positive TLC cultivar screen,Extract; part/voucher supplement pending,Unresolved,TLC ++ inhibition,500 µg/spot; no broth MIC retrieved,AFI 0 at 100 µg/cm²,Acromyrmex lundi; L. gongylophorus,napal2015,"PDF pp.3–4, Table 1",Single screening dose; no isolated molecule. Negative AFI means attraction.,Original full text: relevant methods/results checked,P059,https://doi.org/10.1016/J.INDCROP.2015.07.001,sources/napal2015.pdf
Baccharis coridifolia,3 — Tentative,Positive TLC cultivar screen,Extract; part/voucher supplement pending,Unresolved,TLC + inhibition,500 µg/spot; no broth MIC retrieved,AFI 0 at 100 µg/cm²,Acromyrmex lundi; L. gongylophorus,napal2015,"PDF pp.3–4, Table 1",Single screening dose; no isolated molecule. Negative AFI means attraction.,Original full text: relevant methods/results checked,P060,https://doi.org/10.1016/J.INDCROP.2015.07.001,sources/napal2015.pdf
Baccharis linearifolia,3 — Tentative,Positive TLC cultivar screen,Extract; part/voucher supplement pending,Unresolved,TLC + inhibition,500 µg/spot; no broth MIC retrieved,AFI 0 at 100 µg/cm²,Acromyrmex lundi; L. gongylophorus,napal2015,"PDF pp.3–4, Table 1",Single screening dose; no isolated molecule. Negative AFI means attraction.,Original full text: relevant methods/results checked,P061,https://doi.org/10.1016/J.INDCROP.2015.07.001,sources/napal2015.pdf
Trichocline reptans,3 — Tentative,Positive TLC cultivar screen,Extract; part/voucher supplement pending,Unresolved,TLC + inhibition,500 µg/spot; no broth MIC retrieved,AFI 0 at 100 µg/cm²,Acromyrmex lundi; L. gongylophorus,napal2015,"PDF pp.3–4, Table 1",Single screening dose; no isolated molecule. Negative AFI means attraction.,Original full text: relevant methods/results checked,P062,https://doi.org/10.1016/J.INDCROP.2015.07.001,sources/napal2015.pdf
Achyrocline tomentosa,3 — Tentative,Positive TLC cultivar screen,Extract; part/voucher supplement pending,Unresolved,TLC + inhibition,500 µg/spot; no broth MIC retrieved,AFI -20 at 100 µg/cm²,Acromyrmex lundi; L. gongylophorus,napal2015,"PDF pp.3–4, Table 1",Single screening dose; no isolated molecule. Negative AFI means attraction.,Original full text: relevant methods/results checked,P063,https://doi.org/10.1016/J.INDCROP.2015.07.001,sources/napal2015.pdf
Zanthoxylum coco,3 — Tentative,Positive TLC cultivar screen,Extract; part/voucher supplement pending,Unresolved,TLC ++ inhibition,500 µg/spot; no broth MIC retrieved,AFI -25 at 100 µg/cm²,Acromyrmex lundi; L. gongylophorus,napal2015,"PDF pp.3–4, Table 1",Single screening dose; no isolated molecule. Negative AFI means attraction.,Original full text: relevant methods/results checked,P064,https://doi.org/10.1016/J.INDCROP.2015.07.001,sources/napal2015.pdf
Gaillardia megapotamica var. megapotamica,4 — Negative/control,Repellent without cultivar inhibition,Extract,Ant-deterrent constituent(s) unresolved,No TLC inhibition; broth MIC >500 µg/mL,AFI100 at 100 µg/cm²; TLC500 µg/spot,Complete collection rejection,Acromyrmex lundi; L. gongylophorus,napal2015,"PDF pp.3–4, Tables 1–2",Demonstrates that chemical deterrence is not sufficient evidence of cultivar toxicity.,Original full text: relevant methods/results checked,P065,https://doi.org/10.1016/J.INDCROP.2015.07.001,sources/napal2015.pdf
Lantana grisebachii var. grisebachii,4 — Negative/control,Repellent without cultivar inhibition,Extract,Ant-deterrent constituent(s) unresolved,No TLC inhibition; broth MIC >500 µg/mL,AFI100 at 100 µg/cm²; TLC500 µg/spot,Complete collection rejection,Acromyrmex lundi; L. gongylophorus,napal2015,"PDF pp.3–4, Tables 1–2",Demonstrates that chemical deterrence is not sufficient evidence of cultivar toxicity.,Original full text: relevant methods/results checked,P066,https://doi.org/10.1016/J.INDCROP.2015.07.001,sources/napal2015.pdf
Lithrea molleoides,4 — Negative/control,Repellent without cultivar inhibition,Extract,Ant-deterrent constituent(s) unresolved,No TLC inhibition; broth MIC >500 µg/mL,AFI100 at 100 µg/cm²; TLC500 µg/spot,Complete collection rejection,Acromyrmex lundi; L. gongylophorus,napal2015,"PDF pp.3–4, Tables 1–2",Demonstrates that chemical deterrence is not sufficient evidence of cultivar toxicity.,Original full text: relevant methods/results checked,P067,https://doi.org/10.1016/J.INDCROP.2015.07.001,sources/napal2015.pdf
Syzygium cumini,4 — Negative/control,Paired behavior/growth control,Leaves,No harmful compound established,"Low collection, but good fungal growth",See source-specific assay,Comparison/control,Atta sexdens or A. mexicana,aredes2018,Relevant results figures,Avoidance and fungal harm can diverge; not a universal claim of safety.,Original full text: relevant methods/results checked,P068,https://uenf.br/posgraduacao/producao-vegetal/wp-content/uploads/sites/10/2019/02/TESE-final-An%C3%A1lia-Ar%C3%AAdes.pdf,sources/aredes_thesis.pdf
Palicourea padifolia,4 — Negative/control,Paired behavior/growth control,Leaves,No harmful compound established,Preferred; fungal diameter37.33 ±4.16 mm vs control 28 ±2 mm,See source-specific assay,Comparison/control,Atta sexdens or A. mexicana,infante2026,Relevant results figures,Avoidance and fungal harm can diverge; not a universal claim of safety.,Original full text: relevant methods/results checked,P069,https://doi.org/10.17129/botsci.3671,sources/infante2026.pdf
Ligustrum japonicum,4 — Negative/control,Paired behavior/growth control,Leaves,No harmful compound established,Accepted and supported growth,See source-specific assay,Comparison/control,Atta sexdens or A. mexicana,aredes2018,Relevant results figures,Avoidance and fungal harm can diverge; not a universal claim of safety.,Original full text: relevant methods/results checked,P070,https://uenf.br/posgraduacao/producao-vegetal/wp-content/uploads/sites/10/2019/02/TESE-final-An%C3%A1lia-Ar%C3%AAdes.pdf,sources/aredes_thesis.pdf
Rosa alba,4 — Negative/control,Paired behavior/growth control,Leaves,No harmful compound established,Accepted and supported growth,See source-specific assay,Comparison/control,Atta sexdens or A. mexicana,aredes2018,Relevant results figures,Avoidance and fungal harm can diverge; not a universal claim of safety.,Original full text: relevant methods/results checked,P071,https://uenf.br/posgraduacao/producao-vegetal/wp-content/uploads/sites/10/2019/02/TESE-final-An%C3%A1lia-Ar%C3%AAdes.pdf,sources/aredes_thesis.pdf
Dioscorea cayenensis subsp. cayenensis,3 — Tentative,Chemical feeding deterrence,Leaves,Saponins proposed,Cultivar-specific chemical toxicity not established,Methanol-extractable deterrence; no dose-normalized cultivar assay verified,Avoided compared with other yams; forced diet could kill colony,Acromyrmex octospinosus,febvay1985,Original article pp.439–444,Starvation from refusing substrate can explain colony death.,Original full text: relevant methods/results checked,P072,https://hal.inrae.fr/hal-02726165,sources/febvay1986.pdf
Tithonia diversifolia,3 — Tentative,Enforced diet / garden effects,Leaves,Active garden-toxic molecule unresolved,Garden deterioration in forced-diet experiment,Whole colony/diet endpoint,Acceptance/continued consumption variable,Atta cephalotes,enforced2009,Original abstract; compare ant-only Tithonia studies,"Garden loss may reflect nutrition, starvation, ant toxicity, or direct fungal harm; not isolated chemical proof.",Original abstract checked; full methods not checked,P073,https://doi.org/10.1111/j.1439-0418.2009.01421.x,
Canavalia ensiformis,3 — Tentative,Enforced diet / garden effects,Leaves,Active garden-toxic molecule unresolved,Garden deterioration in forced-diet experiment,Whole colony/diet endpoint,Acceptance/continued consumption variable,Atta cephalotes,enforced2009,Original abstract; compare ant-only Tithonia studies,"Garden loss may reflect nutrition, starvation, ant toxicity, or direct fungal harm; not isolated chemical proof.",Original abstract checked; full methods not checked,P074,https://doi.org/10.1111/j.1439-0418.2009.01421.x,
Annona muricata,3 — Tentative,Paired-choice university report; solvent confound,Leaves; ethanol extracts,Unresolved; qualitative phytochemical tests,Report describes decline of fungal inocula,2% v/v extract; 7 plates/treatment; four weeks,Ten plants initially without cutting signs; accepted Schinus/Nageia also inhibited,Atta cephalotes; L. gongylophorus,eafit_report,"PDF pp.4–5,10–14; Tables 1–3",Solvent control significantly inhibited too. No mass-normalized doses or identified active molecules; some taxa unresolved.,Original full text: relevant methods/results checked,P075,https://repository.eafit.edu.co/bitstreams/cc608e9d-bbe4-4b2d-99fd-4188ae3d29cc/download,sources/eafit_report.pdf
Bauhinia sp.,3 — Tentative,Paired-choice university report; solvent confound,Leaves; ethanol extracts,Unresolved; qualitative phytochemical tests,Report describes decline of fungal inocula,2% v/v extract; 7 plates/treatment; four weeks,Ten plants initially without cutting signs; accepted Schinus/Nageia also inhibited,Atta cephalotes; L. gongylophorus,eafit_report,"PDF pp.4–5,10–14; Tables 1–3",Solvent control significantly inhibited too. No mass-normalized doses or identified active molecules; some taxa unresolved.,Original full text: relevant methods/results checked,P076,https://repository.eafit.edu.co/bitstreams/cc608e9d-bbe4-4b2d-99fd-4188ae3d29cc/download,sources/eafit_report.pdf
Croton magdalenensis,3 — Tentative,Paired-choice university report; solvent confound,Leaves; ethanol extracts,Unresolved; qualitative phytochemical tests,Report describes decline of fungal inocula,2% v/v extract; 7 plates/treatment; four weeks,Ten plants initially without cutting signs; accepted Schinus/Nageia also inhibited,Atta cephalotes; L. gongylophorus,eafit_report,"PDF pp.4–5,10–14; Tables 1–3",Solvent control significantly inhibited too. No mass-normalized doses or identified active molecules; some taxa unresolved.,Original full text: relevant methods/results checked,P077,https://repository.eafit.edu.co/bitstreams/cc608e9d-bbe4-4b2d-99fd-4188ae3d29cc/download,sources/eafit_report.pdf
Hamelia patens,3 — Tentative,Paired-choice university report; solvent confound,Leaves; ethanol extracts,Unresolved; qualitative phytochemical tests,Report describes decline of fungal inocula,2% v/v extract; 7 plates/treatment; four weeks,Ten plants initially without cutting signs; accepted Schinus/Nageia also inhibited,Atta cephalotes; L. gongylophorus,eafit_report,"PDF pp.4–5,10–14; Tables 1–3",Solvent control significantly inhibited too. No mass-normalized doses or identified active molecules; some taxa unresolved.,Original full text: relevant methods/results checked,P078,https://repository.eafit.edu.co/bitstreams/cc608e9d-bbe4-4b2d-99fd-4188ae3d29cc/download,sources/eafit_report.pdf
Licania sp.,3 — Tentative,Paired-choice university report; solvent confound,Leaves; ethanol extracts,Unresolved; qualitative phytochemical tests,Report describes decline of fungal inocula,2% v/v extract; 7 plates/treatment; four weeks,Ten plants initially without cutting signs; accepted Schinus/Nageia also inhibited,Atta cephalotes; L. gongylophorus,eafit_report,"PDF pp.4–5,10–14; Tables 1–3",Solvent control significantly inhibited too. No mass-normalized doses or identified active molecules; some taxa unresolved.,Original full text: relevant methods/results checked,P079,https://repository.eafit.edu.co/bitstreams/cc608e9d-bbe4-4b2d-99fd-4188ae3d29cc/download,sources/eafit_report.pdf
Nageia rospigliossi (as reported; spelling to verify),3 — Tentative,Paired-choice university report; solvent confound,Leaves; ethanol extracts,Unresolved; qualitative phytochemical tests,Report describes decline of fungal inocula,2% v/v extract; 7 plates/treatment; four weeks,Ten plants initially without cutting signs; accepted Schinus/Nageia also inhibited,Atta cephalotes; L. gongylophorus,eafit_report,"PDF pp.4–5,10–14; Tables 1–3",Solvent control significantly inhibited too. No mass-normalized doses or identified active molecules; some taxa unresolved.,Original full text: relevant methods/results checked,P080,https://repository.eafit.edu.co/bitstreams/cc608e9d-bbe4-4b2d-99fd-4188ae3d29cc/download,sources/eafit_report.pdf
Psidium guajava,3 — Tentative,Paired-choice university report; solvent confound,Leaves; ethanol extracts,Unresolved; qualitative phytochemical tests,Report describes decline of fungal inocula,2% v/v extract; 7 plates/treatment; four weeks,Ten plants initially without cutting signs; accepted Schinus/Nageia also inhibited,Atta cephalotes; L. gongylophorus,eafit_report,"PDF pp.4–5,10–14; Tables 1–3",Solvent control significantly inhibited too. No mass-normalized doses or identified active molecules; some taxa unresolved.,Original full text: relevant methods/results checked,P081,https://repository.eafit.edu.co/bitstreams/cc608e9d-bbe4-4b2d-99fd-4188ae3d29cc/download,sources/eafit_report.pdf
Schinus terebinthifolia,3 — Tentative,Paired-choice university report; solvent confound,Leaves; ethanol extracts,Unresolved; qualitative phytochemical tests,Report describes decline of fungal inocula,2% v/v extract; 7 plates/treatment; four weeks,Ten plants initially without cutting signs; accepted Schinus/Nageia also inhibited,Atta cephalotes; L. gongylophorus,eafit_report,"PDF pp.4–5,10–14; Tables 1–3",Solvent control significantly inhibited too. No mass-normalized doses or identified active molecules; some taxa unresolved.,Original full text: relevant methods/results checked,P082,https://repository.eafit.edu.co/bitstreams/cc608e9d-bbe4-4b2d-99fd-4188ae3d29cc/download,sources/eafit_report.pdf
Tradescantia zebrina,3 — Tentative,Paired-choice university report; solvent confound,Leaves; ethanol extracts,Unresolved; qualitative phytochemical tests,Report describes decline of fungal inocula,2% v/v extract; 7 plates/treatment; four weeks,Ten plants initially without cutting signs; accepted Schinus/Nageia also inhibited,Atta cephalotes; L. gongylophorus,eafit_report,"PDF pp.4–5,10–14; Tables 1–3",Solvent control significantly inhibited too. No mass-normalized doses or identified active molecules; some taxa unresolved.,Original full text: relevant methods/results checked,P083,https://repository.eafit.edu.co/bitstreams/cc608e9d-bbe4-4b2d-99fd-4188ae3d29cc/download,sources/eafit_report.pdf
Lavender (species unresolved),3 — Tentative,2026 conference abstract,Essential-oil extraction decoction water; ethyl-acetate fraction,Unresolved,86% inhibition,Dose/species not verified,No choice evidence,L. gongylophorus,oiano2026,"Institutional abstract, SBQ p.1136",Resolve taxon and dose before selecting material.,Original institutional abstract only,P084,https://www.alice.cnptia.embrapa.br/handle/doc/1189406,
Pinus sp.,3 — Tentative,2026 conference abstract,Stem resin fractions,Unresolved,54–56% inhibition,Dose not verified,No choice evidence,L. gongylophorus,oiano2026,"Institutional abstract, SBQ p.1136",Genus-only result cannot support species recommendation.,Original institutional abstract only,P085,https://www.alice.cnptia.embrapa.br/handle/doc/1189406,
Otoba parvifolia,3 — Tentative,Weak isolated-lignan effect,Fruits,Philygenol (lignan 4),"80% remaining growth, equivalent to20% inhibition",200 µg/mL; visual growth at 30–35 days,Natural avoidance not established,Atta sexdens rubropilosa; Leucocoprinus gongylophorus as reported,pagnocca1996,PDF 2 plant origin; PDF 3 Fig 1; PDF 4 Table 1,"Downgraded after full-text review: weak effect without uncertainty estimate, not a strong antifungal hit.",Original full text: relevant methods/results checked,P086,https://repositorio.unesp.br/entities/publication/44608eaa-b84f-4614-8e00-6f6fb9c5caf1,sources/pagnocca1996.pdf
Virola sp.,3 — Tentative,Isolated-lignan assay; species unresolved,Leaves,Episesamin (3); epigalgravin (7); lignan 8,Epigalgravin <20% growth; episesamin and lignan 8 each100% growth,Each200 µg/mL; visual growth 30–35 days,Natural avoidance not established,Atta sexdens rubropilosa; Leucocoprinus gongylophorus as reported,pagnocca1996,PDF 2 origins; PDF 3 Fig 1; PDF 4 Table 1,Do not assign these results to V. sebifera. Species unresolved; epigalgravin table/prose conflict (<20% growth versus complete inhibition). Lignan8 not assigned a guessed name.,Original full text: relevant methods/results checked,P087,https://repositorio.unesp.br/entities/publication/44608eaa-b84f-4614-8e00-6f6fb9c5caf1,sources/pagnocca1996.pdf
Melampodium divaricatum,2 — Direct assay,Terpenoid assay; plant origin traced to earlier isolation work,"Leaves; historical origin, not guaranteed tested-compound batch",Caryophyllene epoxide; kolavenol,Epoxide: no growth at 0.10 mg/mL and ~75% growth at 0.01 mg/mL; kolavenol no inhibition at 0.11/0.011 mg/mL,Day7 ordinal growth score; triplicate cultures,Kolavenol deters ants despite null fungal effect,"Atta cephalotes; mutualistic fungus, no molecular strain identity",howard1988terpenoids,PDF 3 origins; PDF 5 fungal methods; PDF 7 Table 1,Compound source assignments reported in 1988; original isolation reports not rechecked. Source spells Vismia as Vismea. Natural plant exposure not measured by these fungal assays.,Original full text: relevant methods/results checked,P088,https://doi.org/10.1007/BF01022531,sources/howard1988terpenoids.pdf
Vismia baccifera,2 — Direct assay,Terpenoid assay; plant origin traced to earlier isolation work,"Leaves; historical origin, not guaranteed tested-compound batch",Caryophyllene epoxide; kolavenol; nerolidol,Epoxide: no growth at 0.10 mg/mL; nerolidol: no growth at 0.14 and ~50% growth at 0.014 mg/mL; kolavenol null,Day7 ordinal growth score; triplicate cultures,Kolavenol deters ants despite null fungal effect,"Atta cephalotes; mutualistic fungus, no molecular strain identity",howard1988terpenoids,PDF 3 origins; PDF 5 fungal methods; PDF 7 Table 1,Compound source assignments reported in 1988; original isolation reports not rechecked. Source spells Vismia as Vismea. Natural plant exposure not measured by these fungal assays.,Original full text: relevant methods/results checked,P089,https://doi.org/10.1007/BF01022531,sources/howard1988terpenoids.pdf
Larrea cuneifolia,3 — Tentative,Behavioral/chemical-defense lead only,Leaves,Phenolic resin,No cultivar-specific positive assay established in this search,See original behavior study,Non-preference/chemical deterrence reported,See original ant species,s2_5e47ee6c34,Original study linked,Response differs between ant populations and field/laboratory; not a clean cultivar-toxicity demonstration.,Discovery lead: original results require validation,P090,https://doi.org/10.4067/S0716-078X2012000200007,
Ziziphus mistol,3 — Tentative,Behavioral/chemical-defense lead only,Leaves,Chemical leaf defenses,No cultivar-specific positive assay established in this search,See original behavior study,Non-preference/chemical deterrence reported,See original ant species,s2_aa2a344d39,Original study linked,Behavioral defense paper; cultivar assay and active molecule require validation.,Discovery lead: original results require validation,P091,https://www.semanticscholar.org/paper/aa2a344d39fae225ca8d901ad0c98702cf4e04a7,
Citrus reticulata,3 — Tentative,Behavioral/chemical-defense lead only,Leaves,Chemical deterrents,No cultivar-specific positive assay established in this search,See original behavior study,Non-preference/chemical deterrence reported,See original ant species,s2_a7c567b020,Original study linked,Do not equate leaf deterrents with Citrus limonia root coumarins.,Discovery lead: original results require validation,P092,https://doi.org/10.1017/S1742758400007050,
Didymopanax vinosum,3 — Tentative,Behavioral/chemical-defense lead only,Leaves,Foliar wax components,No cultivar-specific positive assay established in this search,See original behavior study,Non-preference/chemical deterrence reported,See original ant species,s2_ab45fe8dde,Original study linked,Surface chemistry can affect handling/selection without fungal toxicity.,Discovery lead: original results require validation,P093,https://doi.org/10.1046/j.1570-7458.1998.00288.x,
Berberis trifoliata,4 — Negative/control,Behavioral/chemical-defense lead only,Leaves,Toughness alternative,No cultivar-specific positive assay established in this search,See original behavior study,Non-preference/chemical deterrence reported,See original ant species,s2_4f565cafd7,Original study linked,A useful avoided-plant control: physical resistance can explain avoidance.,Discovery lead: original results require validation,P094,https://doi.org/10.1007/BF00367966,
Blepharocalyx salicifolius,3 — Tentative,Native-plant preference thesis,Leaves,Sensory/physical/chemical explanation under study,Cultivar harm not demonstrated by preference alone,Eight-plant choice study,Least preferred compared with Senna corymbosa,Acromyrmex ambiguus,nally2025,UBA thesis; preference chapter,Validate fungal assay separately before promoting to antifungal candidate.,Original thesis selected preference results only,P095,https://bibliotecadigital.exactas.uba.ar/download/tesis/tesis_n7720_Nally.pdf,sources/nally_thesis.pdf
Aristolochia trilobata,4 — Negative/control,Original fungal assay counterexample,Stems; hydrodistilled oil,"Sulcatyl acetate, limonene, linalool, p-cymene comparators","No antifungal activity at discriminatory doses; IC50 >266.6 µL/L air, >1000 µL/L medium",7-day fumigation/contact; four replicates,Oil affects ants and participates in ant-mixture synergy,Acromyrmex balzani; L. gongylophorus,melo2020,"PDF 2,4–5; Fig 2 PDF 8",Methods contact screen1400 versus results bound1000 µL/L; retain conflict. Tested stem oil is not a claim about all plant parts/extracts.,Original full text: relevant methods/results checked,P096,https://doi.org/10.1007/s11356-020-08170-z,sources/melo2020.pdf
Andropogon gayanus,4 — Negative/control,Original fungal assay counterexample,Leaves; cultivar Carimagua1,No harmful molecule established,Fungal growth comparable to control,100/50/1% leaf homogenate in agar; daily growth,Susceptible forage and accepted substrate,Acromyrmex landolti; Atta laevigata isolates,lapointe1996,"PDF 3,5–7 Figs 3–5",Control for three resistant Brachiaria cultivars; not universal safety.,Original full text: relevant methods/results checked,P097,https://doi.org/10.1093/JEE/89.3.757,sources/lapointe1996.pdf
Brachiaria dictyoneura,4 — Negative/control,Original fungal assay counterexample,Leaves; cultivar Llanero,No harmful molecule established,Intermediate growth; more than resistant cultivars; described as similar to controls,Undiluted leaf homogenate; Fig 5,Susceptible forage; resistance not universal within Brachiaria,Acromyrmex landolti isolate,lapointe1996,PDF 6–7; Fig 5,Retain cultivar and historical taxon name; no quantitative means digitized.,Original full text: relevant methods/results checked,P098,https://doi.org/10.1093/JEE/89.3.757,sources/lapointe1996.pdf
